timestamp,device,temperature,humidity,outlier,outlier_2,outlier_3
2022-12-02,AA180121,509.9,92.4791304347826,True,False,1
2022-12-02,AA180132,50.0,100.0,True,False,1
2022-12-02,AA180134,50.0,100.0,True,False,1
2022-12-02,AA180137,50.0,100.0,True,False,1
2022-12-02,AA180159,49.1644876862268,99.8386351258858,True,False,1
2022-12-02,AA180164,50.0,100.0,True,False,1
2022-12-02,AA180166,50.0,99.5204005270092,True,False,1
2022-12-02,AA180168,50.0,99.4982213438735,True,False,1
2022-12-02,AA180184,50.0,88.4831205026857,True,False,1
2022-12-02,AA180196,50.0,59.3993339920949,True,False,1
2022-12-02,AA180200,50.0,100.0,True,False,1
2022-12-02,AA180246,50.0,100.0,True,False,1
2022-12-02,AA180247,50.0,100.0,True,False,1
2022-12-02,AA180271,48.8232898550725,99.972884057971,True,False,1
2022-12-02,AA180277,42.0879446640316,99.8313208168643,True,False,1
2022-12-02,AA180281,50.0,100.0,True,False,1
2022-12-02,AA180306,50.0,100.0,True,False,1
2022-12-02,AA180319,50.0,100.0,True,False,1
2022-12-02,AA180332,50.0,100.0,True,False,1
2022-12-02,AA180338,45.2496080368906,98.6748122529644,True,False,1
2022-12-02,AA180369,50.0,100.0,True,False,1
2022-12-02,AA180372,50.0,100.0,True,False,1
2022-12-02,AA180379,50.0,100.0,True,False,1
2022-12-02,AA180389,50.0,100.0,True,False,1
2022-12-02,AA180398,50.0,100.0,True,False,1
2022-12-02,AA180401,50.0,100.0,True,False,1
2022-12-02,AA180411,50.0,100.0,True,False,1
2022-12-02,AA180453,50.0,100.0,True,False,1
2022-12-02,AA180454,50.0,100.0,True,False,1
2022-12-02,AA180485,50.0,99.0824137022398,True,False,1
2022-12-02,AA180492,47.5441205533597,95.1373425559947,True,False,1
2022-12-02,AA180499,50.0,100.0,True,False,1
2022-12-02,AA180502,47.3144927536232,99.9289855072464,True,False,1
2022-12-02,AA180503,50.0,100.0,True,False,1
2022-12-02,AA180507,50.0,100.0,True,False,1
2022-12-02,AA180514,50.0,100.0,True,False,1
2022-12-02,AA180522,50.0,100.0,True,False,1
2022-12-02,AA180525,509.4,83.3780745341615,True,False,1
2022-12-02,AA180532,50.0,100.0,True,False,1
2022-12-02,AA180534,50.0,100.0,True,False,1
2022-12-02,AA180543,50.0,100.0,True,False,1
2022-12-02,AA180544,50.0,100.0,True,False,1
2022-12-02,AA180552,50.0,100.0,True,False,1
2022-12-02,AA180559,50.0,100.0,True,False,1
2022-12-02,AA180565,46.5525790513834,98.4487154150198,True,False,1
2022-12-02,AA180631,50.0,100.0,True,False,1
2022-12-02,AA180641,50.0,100.0,True,False,1
2022-12-02,AA180663,50.0,100.0,True,False,1
2022-12-02,AA180671,50.0,100.0,True,False,1
2022-12-02,AA180678,50.0,100.0,True,False,1
2022-12-02,AA180683,50.0,100.0,True,False,1
2022-12-02,AA180684,50.0,100.0,True,False,1
2022-12-02,AA180709,50.0,100.0,True,False,1
2022-12-02,AA180743,50.0,100.0,True,False,1
2022-12-02,AA180744,50.0,89.8653805445762,True,False,1
2022-12-02,AA180780,50.0,88.5460428194993,True,False,1
2022-12-02,AA180782,49.8484782608696,99.9983695652174,True,False,1
2022-12-02,AA180792,50.0,100.0,True,False,1
2022-12-02,AA180807,50.0,95.8601370223979,True,False,1
2022-12-02,AA180814,50.0,82.3564348924023,True,False,1
2022-12-02,AA180819,50.0,100.0,True,False,1
2022-12-02,AA180831,50.0,71.5275524813351,True,False,1
2022-12-02,AA180846,50.0,100.0,True,False,1
2022-12-02,AA180872,50.0,100.0,True,False,1
2022-12-02,AA180874,50.0,100.0,True,False,1
2022-12-02,AA180923,48.0597753623188,96.8999205094422,True,False,1
2022-12-02,AA180944,50.0,100.0,True,False,1
2022-12-02,AA180959,433.382638888889,10.1988888888889,True,False,1
2022-12-02,AA180969,50.0,100.0,True,False,1
2022-12-02,AA180986,50.0,100.0,True,False,1
2022-12-02,AA180988,338.236659090909,24.2806818181818,True,False,1
2022-12-02,AA180991,50.0,100.0,True,False,1
2022-12-02,AA181003,49.8985770750988,99.9996837944664,True,False,1
2022-12-02,AA181021,50.0,97.512068460525,True,False,1
2022-12-02,AA181038,50.0,100.0,True,False,1
2022-12-02,AA181058,50.0,100.0,True,False,1
2022-12-02,AA181059,49.918731884058,99.9986231884058,True,False,1
2022-12-02,AA181079,50.0,100.0,True,False,1
2022-12-02,AA181112,56.8391304347826,83.1202898550725,True,False,1
2022-12-02,AA181113,50.0,100.0,True,False,1
2022-12-02,AA181125,50.0,100.0,True,False,1
2022-12-02,AA181135,50.0,100.0,True,False,1
2022-12-02,AA181173,50.0,100.0,True,False,1
2022-12-02,AA181174,50.0,100.0,True,False,1
2022-12-02,AA181185,50.0,100.0,True,False,1
2022-12-02,AA181187,50.0,87.9684242424242,True,False,1
2022-12-02,AA181193,50.0,100.0,True,False,1
2022-12-02,AA181197,50.0,85.050382740448,True,False,1
2022-12-02,AA181208,50.0,100.0,True,False,1
2022-12-02,AA181210,50.0,99.5013282828283,True,False,1
2022-12-02,AA181212,50.0,100.0,True,False,1
2022-12-02,AA181222,50.0,99.2680487483531,True,False,1
2022-12-02,AA181223,50.0,82.8326515151515,True,False,1
2022-12-02,AA181230,50.0,100.0,True,False,1
2022-12-02,AA181245,50.0,100.0,True,False,1
2022-12-02,AA181268,50.0,73.3090276679842,True,False,1
2022-12-02,AA181270,50.0,100.0,True,False,1
2022-12-02,AA181296,50.0,80.65,True,False,1
2022-12-02,AA181297,50.0,100.0,True,False,1
2022-12-02,AA181299,50.0,100.0,True,False,1
2022-12-02,AA181303,49.7891666666667,99.9911956521739,True,False,1
2022-12-02,AA181315,45.9800693895477,98.8225438703808,True,False,1
2022-12-02,AA181336,50.0,100.0,True,False,1
2022-12-02,AA181343,50.0,100.0,True,False,1
2022-12-02,AA181353,50.0,90.1370263504611,True,False,1
2022-12-02,AA181362,50.0,100.0,True,False,1
2022-12-02,AA181396,49.9098913043478,99.9952536231884,True,False,1
2022-12-02,AA181407,50.0,100.0,True,False,1
2022-12-02,AA181409,50.0,100.0,True,False,1
2022-12-02,AA181416,50.0,100.0,True,False,1
2022-12-02,AA181425,50.0,100.0,True,False,1
2022-12-02,AA181437,50.0,100.0,True,False,1
2022-12-02,AA181446,50.0,100.0,True,False,1
2022-12-02,AA181447,50.0,100.0,True,False,1
2022-12-02,AA181454,50.0,83.415022397892,True,False,1
2022-12-02,AA181461,50.0,100.0,True,False,1
2022-12-02,AA181474,50.0,100.0,True,False,1
2022-12-02,AA181478,509.9,92.3975465838509,True,False,1
2022-12-02,AA181479,50.0,100.0,True,False,1
2022-12-02,AA181480,50.0,100.0,True,False,1
2022-12-02,AA181488,50.0,92.3952988267771,True,False,1
2022-12-02,AA181490,50.0,100.0,True,False,1
2022-12-02,AA181499,50.0,100.0,True,False,1
2022-12-02,AA181511,50.0,100.0,True,False,1
2022-12-02,AA181530,50.0,100.0,True,False,1
2022-12-02,AA181538,49.4155434782609,99.9890217391304,True,False,1
2022-12-02,AA181550,50.0,100.0,True,False,1
2022-12-02,AA181578,50.0,100.0,True,False,1
2022-12-02,AA181596,50.0,100.0,True,False,1
2022-12-02,AA181602,43.5393610013175,99.8914789196311,True,False,1
2022-12-02,AA181611,50.0,100.0,True,False,1
2022-12-02,AA181622,50.0,100.0,True,False,1
2022-12-02,AA181625,50.0,73.5657161483018,True,False,1
2022-12-02,AA181634,50.0,100.0,True,False,1
2022-12-02,AA181642,46.6449885983582,99.009331002331,True,False,1
2022-12-02,AA181663,50.0,79.8666380141597,True,False,1
2022-12-02,AA181682,50.0,100.0,True,False,1
2022-12-02,AA181689,50.0,100.0,True,False,1
2022-12-02,AA181708,50.0,100.0,True,False,1
2022-12-02,AA181726,50.0,100.0,True,False,1
2022-12-02,AA181752,50.0,100.0,True,False,1
2022-12-02,AA181772,50.0,100.0,True,False,1
2022-12-02,AA181804,50.0,100.0,True,False,1
2022-12-02,AA181838,49.9198913043478,99.9214492753623,True,False,1
2022-12-02,AA181894,50.0,100.0,True,False,1
2022-12-02,AA181906,50.0,100.0,True,False,1
2022-12-02,AA181923,50.0,100.0,True,False,1
2022-12-02,AA181951,50.0,79.0006040215823,True,False,1
2022-12-02,AA181953,50.0,100.0,True,False,1
2022-12-02,AA181954,511.8,79.0003726708075,True,False,1
2022-12-02,AA181964,50.0,72.5997609950436,True,False,1
2022-12-02,AA181969,50.0,100.0,True,False,1
2022-12-02,AA181987,50.0,74.678008940335,True,False,1
2022-12-02,AA181993,50.0,77.3866216512956,True,False,1
2022-12-02,AA182008,50.0,99.379196812849,True,False,1
2022-12-02,AA182011,510.4,77.3492960662526,True,False,1
2022-12-02,AA182040,50.0,78.1976166007905,True,False,1
2022-12-02,AA182045,50.0,100.0,True,False,1
2022-12-02,AA182058,50.0,100.0,True,False,1
2022-12-02,AA182070,50.0,79.3722685809502,True,False,1
2022-12-02,AA182093,43.007200153711,99.8017631752306,True,False,1
2022-12-02,AA182151,50.0,100.0,True,False,1
2022-12-02,AA182152,50.0,100.0,True,False,1
2022-12-02,AA182178,50.0,61.5928709454796,True,False,1
2022-12-02,AA182210,50.0,76.6749509222661,True,False,1
2022-12-02,AA182214,44.5592063492063,86.5814155844156,True,False,1
2022-12-02,AA182271,50.0,100.0,True,False,1
2022-12-02,AA182289,50.0,100.0,True,False,1
2022-12-02,AA182316,50.0,100.0,True,False,1
2022-12-02,AA182343,41.8140286561265,96.7621930171278,True,False,1
2022-12-02,AA182382,50.0,100.0,True,False,1
2022-12-02,AA182397,50.0,100.0,True,False,1
2022-12-02,AA182409,50.0,100.0,True,False,1
2022-12-02,AA182410,50.0,98.7335071365832,True,False,1
2022-12-02,AA182442,50.0,100.0,True,False,1
2022-12-02,AA182471,50.0,80.0208818307296,True,False,1
2022-12-02,AA182474,50.0,100.0,True,False,1
2022-12-02,AA182491,50.0,82.476967905496,True,False,1
2022-12-02,AA182493,50.0,100.0,True,False,1
2022-12-02,AA182494,50.0,99.4850050505051,True,False,1
2022-12-02,AA182526,50.0,86.2040909090909,True,False,1
2022-12-02,AA182556,50.0,94.629827294686,True,False,1
2022-12-02,AA182559,50.0,76.5959991216513,True,False,1
2022-12-02,AA182564,50.0,80.1177586736935,True,False,1
2022-12-02,AA182580,406.077391304348,91.1303850931677,True,False,1
2022-12-02,AA182592,50.0,95.8314102057363,True,False,1
2022-12-02,AA182596,50.0,70.3020064778217,True,False,1
2022-12-02,AA182616,50.0,91.2882225829726,True,False,1
2022-12-02,AA182618,50.0,100.0,True,False,1
2022-12-02,AA182633,50.0,100.0,True,False,1
2022-12-02,AA182634,50.0,95.2566844532279,True,False,1
2022-12-02,AA182638,50.0,100.0,True,False,1
2022-12-02,AA182650,50.0,99.5010105401844,True,False,1
2022-12-02,AA182668,50.0,71.9057417654809,True,False,1
2022-12-02,AA182672,50.0,65.8010476926455,True,False,1
2022-12-02,AA182682,50.0,100.0,True,False,1
2022-12-02,AA182722,49.5566007905138,99.9908300395257,True,False,1
2022-12-02,AA182726,45.1721847826087,99.8975869565217,True,False,1
2022-12-02,AA182731,49.8926449275362,99.9880797101449,True,False,1
2022-12-02,AA182736,50.0,100.0,True,False,1
2022-12-02,AA182739,50.0,100.0,True,False,1
2022-12-02,AA182747,50.0,99.3919545454546,True,False,1
2022-12-02,AA182767,50.0,99.5413597308489,True,False,1
2022-12-02,AA182779,50.0,100.0,True,False,1
2022-12-02,AA182818,50.0,100.0,True,False,1
2022-12-02,AA182836,50.0,100.0,True,False,1
2022-12-02,AA182849,50.0,100.0,True,False,1
2022-12-02,AA182866,42.2184353400223,99.5329338198034,True,False,1
2022-12-02,AA182870,50.0,100.0,True,False,1
2022-12-02,AA182876,44.5378260869565,99.8779018445323,True,False,1
2022-12-02,AA182883,48.0368236714976,98.657601010101,True,False,1
2022-12-02,AA182890,50.0,100.0,True,False,1
2022-12-02,AA182891,50.0,100.0,True,False,1
2022-12-02,AA182902,50.0,100.0,True,False,1
2022-12-02,AA182909,50.0,100.0,True,False,1
2022-12-02,AA182917,50.0,100.0,True,False,1
2022-12-02,AA182918,50.0,100.0,True,False,1
2022-12-02,AA182921,50.0,99.4871626043039,True,False,1
2022-12-02,AA182927,50.0,100.0,True,False,1
2022-12-02,AA182936,50.0,100.0,True,False,1
2022-12-02,AA182958,50.0,100.0,True,False,1
2022-12-02,AA182978,50.0,100.0,True,False,1
2022-12-02,AA182979,50.0,100.0,True,False,1
2022-12-02,AA182983,49.9314347826087,99.997347826087,True,False,1
2022-12-02,AA182985,50.0,93.072917553461,True,False,1
2022-12-02,AA183012,50.0,100.0,True,False,1
2022-12-02,AA183017,50.0,100.0,True,False,1
2022-12-02,AA183022,50.0,100.0,True,False,1
2022-12-02,AA183024,50.0,100.0,True,False,1
2022-12-02,AA183025,50.0,100.0,True,False,1
2022-12-02,AA183026,50.0,100.0,True,False,1
2022-12-02,AA183029,50.0,100.0,True,False,1
2022-12-02,AA183042,50.0,100.0,True,False,1
2022-12-02,AA183044,49.1058888888889,99.983,True,False,1
2022-12-02,AA183055,50.0,99.5600559947299,True,False,1
2022-12-02,AA183056,50.0,100.0,True,False,1
2022-12-02,AA183061,50.0,100.0,True,False,1
2022-12-02,AA183088,49.3075494071146,99.9808300395257,True,False,1
2022-12-02,AA183122,50.0,100.0,True,False,1
2022-12-02,AA183123,42.4687812911726,99.7129953886693,True,False,1
2022-12-02,AA183127,50.0,100.0,True,False,1
2022-12-02,AA183128,50.0,100.0,True,False,1
2022-12-02,AA183143,50.0,100.0,True,False,1
2022-12-02,AA183149,50.0,100.0,True,False,1
2022-12-02,AA183167,50.0,100.0,True,False,1
2022-12-02,AA183169,50.0,100.0,True,False,1
2022-12-02,AA183173,50.0,100.0,True,False,1
2022-12-02,AA183184,50.0,100.0,True,False,1
2022-12-02,AA183206,50.0,100.0,True,False,1
2022-12-02,AA183217,50.0,100.0,True,False,1
2022-12-02,AA183237,50.0,100.0,True,False,1
2022-12-02,AA183245,50.0,100.0,True,False,1
2022-12-02,AA183327,50.0,100.0,True,False,1
2022-12-02,AA183332,50.0,100.0,True,False,1
2022-12-02,AA183351,221.375,99.497,True,False,1
2022-12-02,AA183379,50.0,85.0073674791392,True,False,1
2022-12-02,AA183385,50.0,100.0,True,False,1
2022-12-02,AA183393,50.0,98.6915214097497,True,False,1
2022-12-02,AA183401,50.0,83.5589802371542,True,False,1
2022-12-02,AA183405,50.0,90.6572891649413,True,False,1
2022-12-02,AA183408,50.0,99.4731571773637,True,False,1
2022-12-02,AA183409,47.5109253089905,99.9401616789008,True,False,1
2022-12-02,AA183410,50.0,83.4812516469038,True,False,1
2022-12-02,AA183413,50.0,100.0,True,False,1
2022-12-02,AA183415,50.0,100.0,True,False,1
2022-12-02,AA183432,50.0,72.7277562582345,True,False,1
2022-12-02,AA183433,50.0,95.7397546897547,True,False,1
2022-12-02,AA183458,49.2762876254181,99.8536454849498,True,False,1
2022-12-02,AA183471,50.0,67.387263960677,True,False,1
2022-12-02,AA183473,50.0,100.0,True,False,1
2022-12-02,AA183487,50.0,100.0,True,False,1
2022-12-02,AA183488,50.0,99.85034914361,True,False,1
2022-12-02,AA183499,50.0,82.0094604743083,True,False,1
2022-12-02,AA183500,50.0,100.0,True,False,1
2022-12-02,AA183511,50.0,100.0,True,False,1
2022-12-02,AA183514,50.0,99.5138683731727,True,False,1
2022-12-02,AA183526,50.0,100.0,True,False,1
2022-12-02,AA183528,50.0,100.0,True,False,1
2022-12-02,AA183546,50.0,100.0,True,False,1
2022-12-02,AA183549,50.0,100.0,True,False,1
2022-12-02,AA183633,50.0,100.0,True,False,1
2022-12-02,AA183636,49.8838768115942,99.9977536231884,True,False,1
2022-12-02,AA183648,50.0,100.0,True,False,1
2022-12-02,AA183650,50.0,100.0,True,False,1
2022-12-02,AA183654,50.0,100.0,True,False,1
2022-12-02,AA183658,50.0,100.0,True,False,1
2022-12-02,AA183659,50.0,100.0,True,False,1
2022-12-02,AA183674,50.0,100.0,True,False,1
2022-12-02,AA183733,49.491847826087,99.6322826086956,True,False,1
2022-12-02,AA183737,50.0,100.0,True,False,1
2022-12-02,AA183759,211.289875776398,93.8067701863354,True,False,1
2022-12-02,AA183767,50.0,100.0,True,False,1
2022-12-02,AA183774,50.0,100.0,True,False,1
2022-12-02,AA183779,48.3366798418972,99.1791304347826,True,False,1
2022-12-02,AA183784,50.0,69.6965059288538,True,False,1
2022-12-02,AA183808,50.0,100.0,True,False,1
2022-12-02,AA183831,50.0,100.0,True,False,1
2022-12-02,AA183843,43.2123146056842,99.3147567287785,True,False,1
2022-12-02,AA183855,50.0,100.0,True,False,1
2022-12-02,AA183857,50.0,100.0,True,False,1
2022-12-02,AA183864,50.0,85.4996021080369,True,False,1
2022-12-02,AA183896,50.0,82.2762795344752,True,False,1
2022-12-02,AA183906,50.0,100.0,True,False,1
2022-12-02,AA183921,50.0,100.0,True,False,1
2022-12-02,AA183933,50.0,99.5167546823736,True,False,1
2022-12-02,AA183952,50.0,91.741759018759,True,False,1
2022-12-02,AA183954,50.0,100.0,True,False,1
2022-12-02,AA183969,50.0,92.1813873517787,True,False,1
2022-12-02,AA183990,50.0,100.0,True,False,1
2022-12-02,AA184021,50.0,83.7975140535793,True,False,1
2022-12-02,AA184024,50.0,100.0,True,False,1
2022-12-02,AA184030,50.0,71.5420868310433,True,False,1
2022-12-02,AA184073,50.0,81.6894486166008,True,False,1
2022-12-02,AA194126,50.0,100.0,True,False,1
2022-12-02,AA194138,45.6095902503294,90.7765862977602,True,False,1
2022-12-02,AA194160,50.0,100.0,True,False,1
2022-12-02,AA194193,50.0,100.0,True,False,1
2022-12-02,AA194214,45.2203919631093,99.8943313570487,True,False,1
2022-12-02,AA194216,50.0,100.0,True,False,1
2022-12-02,AA194231,50.0,100.0,True,False,1
2022-12-02,AA194237,50.0,100.0,True,False,1
2022-12-02,AA194265,50.0,57.1667727272727,True,False,1
2022-12-02,AA194271,498.688695652174,99.53,True,False,1
2022-12-02,AA194309,49.25963219148,99.9880819060167,True,False,1
2022-12-02,AA194313,50.0,100.0,True,False,1
2022-12-02,AA194321,46.1449729907773,99.6563083003953,True,False,1
2022-12-02,AA194345,50.0,100.0,True,False,1
2022-12-02,AA194370,49.1045087719298,99.9838596491228,True,False,1
2022-12-02,AA194376,49.5407894736842,99.9871052631579,True,False,1
2022-12-02,AA194435,50.0,100.0,True,False,1
2022-12-02,AA194460,49.9177898550725,99.9373188405797,True,False,1
2022-12-02,AA194461,47.4712992804297,98.7344951859734,True,False,1
2022-12-02,AA194462,50.0,100.0,True,False,1
2022-12-02,AA194490,50.0,100.0,True,False,1
2022-12-02,AA194509,50.0,100.0,True,False,1
2022-12-02,AA194549,50.0,100.0,True,False,1
2022-12-02,AA194575,49.6783300395257,99.662941370224,True,False,1
2022-12-02,AA194586,50.0,100.0,True,False,1
2022-12-02,AA194612,50.0,100.0,True,False,1
2022-12-02,AA194682,50.0,100.0,True,False,1
2022-12-02,AA194729,50.0,100.0,True,False,1
2022-12-02,AA194779,50.0,100.0,True,False,1
2022-12-02,AA194833,50.0,100.0,True,False,1
2022-12-02,AA194870,50.0,100.0,True,False,1
2022-12-02,AA194941,50.0,100.0,True,False,1
2022-12-02,AA194943,50.0,100.0,True,False,1
2022-12-02,AA194960,50.0,100.0,True,False,1
2022-12-02,AA194995,50.0,100.0,True,False,1
2022-12-02,AA195000,50.0,100.0,True,False,1
2022-12-02,AA195003,50.0,100.0,True,False,1
2022-12-02,AA195048,50.0,100.0,True,False,1
2022-12-02,AA195054,49.0544696969697,99.987803030303,True,False,1
2022-12-02,AA195095,50.0,100.0,True,False,1
2022-12-02,AA195128,50.0,100.0,True,False,1
2022-12-02,AA195129,50.0,100.0,True,False,1
2022-12-02,AA195138,50.0,100.0,True,False,1
2022-12-02,AA195144,50.0,100.0,True,False,1
2022-12-02,AA195174,48.7621376811594,97.5711594202899,True,False,1
2022-12-02,AA195188,91.8670807453416,86.5236956521739,True,False,1
2022-12-02,AA195219,50.0,100.0,True,False,1
2022-12-02,AA195238,50.0,100.0,True,False,1
2022-12-02,AA195252,50.0,100.0,True,False,1
2022-12-02,AA195273,50.0,100.0,True,False,1
2022-12-02,AA195283,50.0,100.0,True,False,1
2022-12-02,AA195290,50.0,80.1033695652174,True,False,1
2022-12-02,AA195312,510.1,76.9482608695652,True,False,1
2022-12-02,AA195324,50.0,100.0,True,False,1
2022-12-02,AA195333,50.0,100.0,True,False,1
2022-12-02,AA195354,43.2006401352271,99.8258761311153,True,False,1
2022-12-02,AA195365,50.0,100.0,True,False,1
2022-12-02,AA195377,50.0,100.0,True,False,1
2022-12-02,AA195406,50.0,100.0,True,False,1
2022-12-02,AA195446,49.9005138339921,99.9930434782609,True,False,1
2022-12-02,AA195457,50.0,100.0,True,False,1
2022-12-02,AA195502,50.0,77.0285454545455,True,False,1
2022-12-02,AA195528,109.340724637681,88.5421635610766,True,False,1
2022-12-02,AA195550,50.0,100.0,True,False,1
2022-12-02,AA195558,43.0053616431877,99.8378684841728,True,False,1
2022-12-02,AA195565,50.0,100.0,True,False,1
2022-12-02,AA195617,50.0,100.0,True,False,1
2022-12-02,AA195634,50.0,100.0,True,False,1
2022-12-02,AA195636,50.0,100.0,True,False,1
2022-12-02,AA195661,50.0,100.0,True,False,1
2022-12-02,AA195676,50.0,100.0,True,False,1
2022-12-02,AA195695,50.0,64.9586475625823,True,False,1
2022-12-02,AA195696,50.0,100.0,True,False,1
2022-12-02,AA195702,48.5945261984392,99.9007552954292,True,False,1
2022-12-02,AA195740,50.0,100.0,True,False,1
2022-12-02,AA195764,50.0,100.0,True,False,1
2022-12-02,AA195765,50.0,100.0,True,False,1
2022-12-02,AA195767,50.0,100.0,True,False,1
2022-12-02,AA195773,50.0,100.0,True,False,1
2022-12-02,AA195820,50.0,100.0,True,False,1
2022-12-02,AA195859,50.0,100.0,True,False,1
2022-12-02,AA195875,49.3919565217391,99.4458695652174,True,False,1
2022-12-02,AA195909,50.0,100.0,True,False,1
2022-12-02,AA195912,48.0788461538462,96.1673076923077,True,False,1
2022-12-02,AA195968,47.6400329380764,96.820303030303,True,False,1
2022-12-02,AA195970,50.0,100.0,True,False,1
2022-12-02,AA195977,50.0,100.0,True,False,1
2022-12-02,AA196076,50.0,100.0,True,False,1
2022-12-02,AA196081,50.0,100.0,True,False,1
2022-12-02,AA196094,50.0,100.0,True,False,1
2022-12-02,AA196127,50.0,100.0,True,False,1
2022-12-02,AA196132,50.0,100.0,True,False,1
2022-12-02,AA196192,50.0,100.0,True,False,1
2022-12-02,AA196272,50.0,100.0,True,False,1
2022-12-02,AA196287,50.0,100.0,True,False,1
2022-12-02,AA196323,50.0,100.0,True,False,1
2022-12-02,AA196374,50.0,100.0,True,False,1
2022-12-02,AA196393,50.0,100.0,True,False,1
2022-12-02,AA196395,50.0,100.0,True,False,1
2022-12-02,AA196409,50.0,100.0,True,False,1
2022-12-02,AA196418,42.6684057971014,99.8317391304348,True,False,1
2022-12-02,AA196423,50.0,100.0,True,False,1
2022-12-02,AA196433,50.0,100.0,True,False,1
2022-12-02,AA196447,50.0,100.0,True,False,1
2022-12-02,AA196495,48.6776198439242,98.661861761427,True,False,1
2022-12-02,AA196517,46.3020318739232,99.6774466909902,True,False,1
2022-12-02,AA196575,49.9495652173913,99.9985869565217,True,False,1
2022-12-02,AA196589,43.839784889024,99.8608973852235,True,False,1
2022-12-02,AA196721,50.0,65.2313249793685,True,False,1
2022-12-02,AA196756,50.0,100.0,True,False,1
2022-12-02,AA196780,50.0,100.0,True,False,1
2022-12-02,AA196881,50.0,100.0,True,False,1
2022-12-02,AA196918,49.3048748353096,99.3127799736495,True,False,1
2022-12-02,AA196925,507.1,99.5375258799172,True,False,1
2022-12-02,AA196950,50.0,100.0,True,False,1
2022-12-02,AA196951,49.6660079051383,99.9938339920949,True,False,1
2022-12-02,AA196957,50.0,100.0,True,False,1
2022-12-02,AA196963,49.8676679841897,99.5362213438735,True,False,1
2022-12-02,AA197000,50.0,100.0,True,False,1
2022-12-02,AA197053,50.0,100.0,True,False,1
2022-12-02,AA197070,50.0,100.0,True,False,1
2022-12-02,AA197094,43.4751712779974,98.3961429512517,True,False,1
2022-12-02,AA197103,50.0,100.0,True,False,1
2022-12-02,AA197128,47.0258634843417,99.8345728184859,True,False,1
2022-12-02,AA197135,50.0,100.0,True,False,1
2022-12-02,AA197233,50.0,100.0,True,False,1
2022-12-02,AA197331,50.0,100.0,True,False,1
2022-12-02,AA197343,50.0,100.0,True,False,1
2022-12-02,AA197346,47.0582491059665,98.8087102390363,True,False,1
2022-12-02,AA197348,50.0,100.0,True,False,1
2022-12-02,AA197356,50.0,100.0,True,False,1
2022-12-02,AA197369,41.7820261984392,99.8117279821628,True,False,1
2022-12-02,AA197401,50.0,100.0,True,False,1
2022-12-02,AA197440,47.6832839262187,96.9337812911726,True,False,1
2022-12-02,AA197457,42.1860042485222,99.6175893934497,True,False,1
2022-12-02,AA197490,50.0,100.0,True,False,1
2022-12-02,AA197493,49.9029249011858,99.9995652173913,True,False,1
2022-12-02,AA197495,45.5596534914361,91.7359216073781,True,False,1
2022-12-02,AA197549,50.0,99.4793545234958,True,False,1
2022-12-02,AA197550,50.0,99.4941859386482,True,False,1
2022-12-02,AA197553,50.0,100.0,True,False,1
2022-12-02,AA197622,47.0298831965136,96.4624394446134,True,False,1
2022-12-02,AA197644,49.5821875,99.99609375,True,False,1
2022-12-02,AA197648,50.0,100.0,True,False,1
2022-12-02,AA197651,47.9092457180501,99.7227799736495,True,False,1
2022-12-02,AA197668,50.0,82.7641073781291,True,False,1
2022-12-02,AA197698,50.0,100.0,True,False,1
2022-12-02,AA197703,50.0,100.0,True,False,1
2022-12-02,AA197713,50.0,100.0,True,False,1
2022-12-02,AA197738,50.0,100.0,True,False,1
2022-12-02,AA197739,50.0,100.0,True,False,1
2022-12-02,AA197746,50.0,100.0,True,False,1
2022-12-02,AA197765,42.5841996047431,99.4756027667984,True,False,1
2022-12-02,AA197777,50.0,100.0,True,False,1
2022-12-02,AA197784,50.0,100.0,True,False,1
2022-12-02,AA197791,50.0,100.0,True,False,1
2022-12-02,AA197813,45.8059409310496,97.0963669301713,True,False,1
2022-12-02,AA197827,50.0,100.0,True,False,1
2022-12-02,AA197873,50.0,100.0,True,False,1
2022-12-02,AA197910,50.0,100.0,True,False,1
2022-12-02,AA197938,50.0,100.0,True,False,1
2022-12-02,AA197976,50.0,100.0,True,False,1
2022-12-02,AA197980,50.0,99.4954776696733,True,False,1
2022-12-02,AA215002,43.0566091517178,99.8138382993818,True,False,1
2022-12-02,AA215014,50.0,72.3005371687136,True,False,1
2022-12-02,AA21501F,50.0,89.0962364953887,True,False,1
2022-12-02,AA215026,50.0,100.0,True,False,1
2022-12-02,AA21502B,50.0,100.0,True,False,1
2022-12-02,AA21502C,50.0,100.0,True,False,1
2022-12-02,AA215038,50.0,98.08332996633,True,False,1
2022-12-02,AA215044,509.6,95.8434782608696,True,False,1
2022-12-02,AA215057,50.0,86.8101706192358,True,False,1
2022-12-02,AA21606E,50.0,99.5084499323141,True,False,1
2022-12-03,AA180121,509.9,98.1430555555556,True,False,1
2022-12-03,AA180132,50.0,100.0,True,False,1
2022-12-03,AA180134,50.0,100.0,True,False,1
2022-12-03,AA180137,50.0,100.0,True,False,1
2022-12-03,AA180159,49.6877272727273,99.9281439393939,True,False,1
2022-12-03,AA180164,50.0,100.0,True,False,1
2022-12-03,AA180166,50.0,99.478788510101,True,False,1
2022-12-03,AA180168,50.0,99.5436837121212,True,False,1
2022-12-03,AA180184,50.0,84.8364627733378,True,False,1
2022-12-03,AA180196,50.0,55.6843392255892,True,False,1
2022-12-03,AA180200,50.0,100.0,True,False,1
2022-12-03,AA180246,50.0,100.0,True,False,1
2022-12-03,AA180247,50.0,100.0,True,False,1
2022-12-03,AA180271,46.9077525252525,99.9192392676768,True,False,1
2022-12-03,AA180277,47.9231887626263,99.9442840909091,True,False,1
2022-12-03,AA180281,50.0,100.0,True,False,1
2022-12-03,AA180306,50.0,100.0,True,False,1
2022-12-03,AA180319,50.0,100.0,True,False,1
2022-12-03,AA180332,50.0,100.0,True,False,1
2022-12-03,AA180338,41.5023674242424,96.2617361111111,True,False,1
2022-12-03,AA180369,50.0,100.0,True,False,1
2022-12-03,AA180372,50.0,100.0,True,False,1
2022-12-03,AA180379,50.0,100.0,True,False,1
2022-12-03,AA180389,50.0,100.0,True,False,1
2022-12-03,AA180398,50.0,100.0,True,False,1
2022-12-03,AA180401,50.0,100.0,True,False,1
2022-12-03,AA180411,50.0,100.0,True,False,1
2022-12-03,AA180453,50.0,100.0,True,False,1
2022-12-03,AA180454,50.0,100.0,True,False,1
2022-12-03,AA180485,50.0,99.4711748737374,True,False,1
2022-12-03,AA180492,44.5592045454545,93.6034785353535,True,False,1
2022-12-03,AA180499,50.0,100.0,True,False,1
2022-12-03,AA180502,50.0,100.0,True,False,1
2022-12-03,AA180503,50.0,100.0,True,False,1
2022-12-03,AA180507,50.0,100.0,True,False,1
2022-12-03,AA180514,50.0,100.0,True,False,1
2022-12-03,AA180522,50.0,100.0,True,False,1
2022-12-03,AA180525,509.4,95.4386507936508,True,False,1
2022-12-03,AA180532,50.0,100.0,True,False,1
2022-12-03,AA180534,50.0,100.0,True,False,1
2022-12-03,AA180543,50.0,100.0,True,False,1
2022-12-03,AA180544,50.0,100.0,True,False,1
2022-12-03,AA180552,50.0,100.0,True,False,1
2022-12-03,AA180559,50.0,100.0,True,False,1
2022-12-03,AA180631,48.6587152777778,99.0136332070707,True,False,1
2022-12-03,AA180641,50.0,100.0,True,False,1
2022-12-03,AA180663,50.0,100.0,True,False,1
2022-12-03,AA180671,50.0,100.0,True,False,1
2022-12-03,AA180678,49.9379861111111,99.9980555555556,True,False,1
2022-12-03,AA180683,50.0,100.0,True,False,1
2022-12-03,AA180684,50.0,100.0,True,False,1
2022-12-03,AA180709,50.0,100.0,True,False,1
2022-12-03,AA180743,49.0719551282051,99.9762820512821,True,False,1
2022-12-03,AA180744,50.0,88.5475873316498,True,False,1
2022-12-03,AA180780,50.0,89.1143194444444,True,False,1
2022-12-03,AA180782,50.0,100.0,True,False,1
2022-12-03,AA180792,50.0,100.0,True,False,1
2022-12-03,AA180807,50.0,91.5799621212121,True,False,1
2022-12-03,AA180814,50.0,78.0348023989899,True,False,1
2022-12-03,AA180819,50.0,100.0,True,False,1
2022-12-03,AA180831,50.0,73.4740277777778,True,False,1
2022-12-03,AA180846,50.0,100.0,True,False,1
2022-12-03,AA180872,50.0,100.0,True,False,1
2022-12-03,AA180874,50.0,100.0,True,False,1
2022-12-03,AA180923,49.020803030303,98.9004924242424,True,False,1
2022-12-03,AA180944,50.0,99.9967013888889,True,False,1
2022-12-03,AA180959,359.741459096459,19.2383516483516,True,False,1
2022-12-03,AA180969,50.0,100.0,True,False,1
2022-12-03,AA180986,50.0,100.0,True,False,1
2022-12-03,AA180988,375.363229548229,18.2874358974359,True,False,1
2022-12-03,AA180991,50.0,100.0,True,False,1
2022-12-03,AA181003,50.0,100.0,True,False,1
2022-12-03,AA181021,50.0,99.493538510101,True,False,1
2022-12-03,AA181033,512.0,99.4822142857143,True,False,1
2022-12-03,AA181038,50.0,100.0,True,False,1
2022-12-03,AA181058,50.0,100.0,True,False,1
2022-12-03,AA181059,50.0,100.0,True,False,1
2022-12-03,AA181079,50.0,100.0,True,False,1
2022-12-03,AA181112,75.5444444444444,79.3777777777778,True,False,1
2022-12-03,AA181113,50.0,100.0,True,False,1
2022-12-03,AA181125,50.0,100.0,True,False,1
2022-12-03,AA181135,50.0,100.0,True,False,1
2022-12-03,AA181173,50.0,100.0,True,False,1
2022-12-03,AA181174,50.0,100.0,True,False,1
2022-12-03,AA181185,50.0,100.0,True,False,1
2022-12-03,AA181187,50.0,86.0612954545455,True,False,1
2022-12-03,AA181193,50.0,100.0,True,False,1
2022-12-03,AA181197,50.0,84.7509589646465,True,False,1
2022-12-03,AA181208,50.0,100.0,True,False,1
2022-12-03,AA181210,50.0,99.4884074074074,True,False,1
2022-12-03,AA181212,50.0,100.0,True,False,1
2022-12-03,AA181222,50.0,98.7939671717172,True,False,1
2022-12-03,AA181223,50.0,79.9556083754209,True,False,1
2022-12-03,AA181230,50.0,100.0,True,False,1
2022-12-03,AA181245,50.0,100.0,True,False,1
2022-12-03,AA181268,50.0,78.4839993686869,True,False,1
2022-12-03,AA181270,50.0,100.0,True,False,1
2022-12-03,AA181296,50.0,72.6046369949495,True,False,1
2022-12-03,AA181297,50.0,100.0,True,False,1
2022-12-03,AA181299,50.0,100.0,True,False,1
2022-12-03,AA181303,50.0,100.0,True,False,1
2022-12-03,AA181336,50.0,100.0,True,False,1
2022-12-03,AA181343,50.0,100.0,True,False,1
2022-12-03,AA181353,50.0,82.3186133207071,True,False,1
2022-12-03,AA181362,50.0,100.0,True,False,1
2022-12-03,AA181396,49.8475,99.9959027777778,True,False,1
2022-12-03,AA181407,50.0,100.0,True,False,1
2022-12-03,AA181409,50.0,100.0,True,False,1
2022-12-03,AA181416,50.0,100.0,True,False,1
2022-12-03,AA181425,50.0,100.0,True,False,1
2022-12-03,AA181437,50.0,100.0,True,False,1
2022-12-03,AA181446,50.0,100.0,True,False,1
2022-12-03,AA181447,50.0,100.0,True,False,1
2022-12-03,AA181454,50.0,95.401672979798,True,False,1
2022-12-03,AA181461,50.0,100.0,True,False,1
2022-12-03,AA181474,50.0,100.0,True,False,1
2022-12-03,AA181478,509.9,98.1885714285714,True,False,1
2022-12-03,AA181479,50.0,100.0,True,False,1
2022-12-03,AA181480,50.0,100.0,True,False,1
2022-12-03,AA181488,50.0,98.16802000777,True,False,1
2022-12-03,AA181490,50.0,100.0,True,False,1
2022-12-03,AA181499,50.0,100.0,True,False,1
2022-12-03,AA181511,49.9242013888889,99.9496527777778,True,False,1
2022-12-03,AA181530,50.0,100.0,True,False,1
2022-12-03,AA181538,46.3368213383838,99.9112215909091,True,False,1
2022-12-03,AA181550,50.0,100.0,True,False,1
2022-12-03,AA181578,50.0,100.0,True,False,1
2022-12-03,AA181596,50.0,100.0,True,False,1
2022-12-03,AA181611,50.0,100.0,True,False,1
2022-12-03,AA181622,50.0,100.0,True,False,1
2022-12-03,AA181625,50.0,71.2646240033115,True,False,1
2022-12-03,AA181634,50.0,100.0,True,False,1
2022-12-03,AA181642,45.0664219114219,98.4366346153846,True,False,1
2022-12-03,AA181663,50.0,75.1952621568247,True,False,1
2022-12-03,AA181682,50.0,100.0,True,False,1
2022-12-03,AA181689,50.0,100.0,True,False,1
2022-12-03,AA181708,50.0,100.0,True,False,1
2022-12-03,AA181726,50.0,100.0,True,False,1
2022-12-03,AA181752,42.0213775252525,99.8597304292929,True,False,1
2022-12-03,AA181772,50.0,100.0,True,False,1
2022-12-03,AA181804,50.0,100.0,True,False,1
2022-12-03,AA181838,50.0,100.0,True,False,1
2022-12-03,AA181894,50.0,100.0,True,False,1
2022-12-03,AA181906,50.0,100.0,True,False,1
2022-12-03,AA181923,50.0,100.0,True,False,1
2022-12-03,AA181951,50.0,74.2937719306157,True,False,1
2022-12-03,AA181953,50.0,100.0,True,False,1
2022-12-03,AA181954,511.8,74.2331944444444,True,False,1
2022-12-03,AA181964,50.0,68.3471448863636,True,False,1
2022-12-03,AA181969,50.0,100.0,True,False,1
2022-12-03,AA181987,50.0,71.5818808922559,True,False,1
2022-12-03,AA181993,50.0,71.6749562289562,True,False,1
2022-12-03,AA182008,50.0,95.4155025252525,True,False,1
2022-12-03,AA182011,510.4,71.7265277777778,True,False,1
2022-12-03,AA182040,50.0,78.4648518518518,True,False,1
2022-12-03,AA182045,50.0,100.0,True,False,1
2022-12-03,AA182058,50.0,100.0,True,False,1
2022-12-03,AA182070,50.0,79.2873213383838,True,False,1
2022-12-03,AA182093,42.3919327200577,99.8241942189755,True,False,1
2022-12-03,AA182151,50.0,100.0,True,False,1
2022-12-03,AA182152,50.0,100.0,True,False,1
2022-12-03,AA182178,50.0,56.6456247895623,True,False,1
2022-12-03,AA182210,50.0,73.6054524410774,True,False,1
2022-12-03,AA182214,42.9667346938775,75.6715912183055,True,False,1
2022-12-03,AA182247,50.0,84.9454770622896,True,False,1
2022-12-03,AA182271,47.1555555555556,99.9541666666667,True,False,1
2022-12-03,AA182289,50.0,100.0,True,False,1
2022-12-03,AA182316,50.0,100.0,True,False,1
2022-12-03,AA182343,40.7490797558923,92.1591517255892,True,False,1
2022-12-03,AA182382,50.0,100.0,True,False,1
2022-12-03,AA182397,50.0,100.0,True,False,1
2022-12-03,AA182409,50.0,100.0,True,False,1
2022-12-03,AA182410,50.0,93.9602039141414,True,False,1
2022-12-03,AA182428,43.1038613406795,97.4050137741047,True,False,1
2022-12-03,AA182442,50.0,100.0,True,False,1
2022-12-03,AA182471,50.0,74.6369289772727,True,False,1
2022-12-03,AA182474,50.0,100.0,True,False,1
2022-12-03,AA182491,50.0,78.1026728965479,True,False,1
2022-12-03,AA182493,50.0,100.0,True,False,1
2022-12-03,AA182494,50.0,99.4995229377104,True,False,1
2022-12-03,AA182526,50.0,80.53875,True,False,1
2022-12-03,AA182556,50.0,88.9445250420875,True,False,1
2022-12-03,AA182559,50.0,73.2138421717172,True,False,1
2022-12-03,AA182564,50.0,77.8808286435786,True,False,1
2022-12-03,AA182580,323.869047619048,95.4000624098124,True,False,1
2022-12-03,AA182592,50.0,95.395779611014,True,False,1
2022-12-03,AA182596,50.0,67.5642744107744,True,False,1
2022-12-03,AA182616,50.0,86.4777009529822,True,False,1
2022-12-03,AA182618,50.0,100.0,True,False,1
2022-12-03,AA182633,50.0,100.0,True,False,1
2022-12-03,AA182634,50.0,94.9096938131313,True,False,1
2022-12-03,AA182638,50.0,100.0,True,False,1
2022-12-03,AA182650,50.0,99.4978623737374,True,False,1
2022-12-03,AA182668,50.0,67.2643200757576,True,False,1
2022-12-03,AA182672,50.0,66.0680484076109,True,False,1
2022-12-03,AA182682,50.0,100.0,True,False,1
2022-12-03,AA182722,49.4935544786096,99.9922814542484,True,False,1
2022-12-03,AA182726,49.4776666666667,99.9934583333333,True,False,1
2022-12-03,AA182731,48.3553323412698,99.968060515873,True,False,1
2022-12-03,AA182736,50.0,100.0,True,False,1
2022-12-03,AA182739,50.0,100.0,True,False,1
2022-12-03,AA182747,50.0,97.6779160997732,True,False,1
2022-12-03,AA182767,50.0,99.5294900793651,True,False,1
2022-12-03,AA182779,50.0,100.0,True,False,1
2022-12-03,AA182818,50.0,100.0,True,False,1
2022-12-03,AA182836,50.0,100.0,True,False,1
2022-12-03,AA182849,50.0,100.0,True,False,1
2022-12-03,AA182870,50.0,100.0,True,False,1
2022-12-03,AA182876,44.9188926767677,99.8624747474747,True,False,1
2022-12-03,AA182883,47.1891672979798,97.7573428030303,True,False,1
2022-12-03,AA182890,50.0,100.0,True,False,1
2022-12-03,AA182891,50.0,100.0,True,False,1
2022-12-03,AA182902,50.0,100.0,True,False,1
2022-12-03,AA182909,50.0,100.0,True,False,1
2022-12-03,AA182917,50.0,100.0,True,False,1
2022-12-03,AA182918,50.0,100.0,True,False,1
2022-12-03,AA182921,50.0,98.5586800444926,True,False,1
2022-12-03,AA182927,50.0,100.0,True,False,1
2022-12-03,AA182936,50.0,100.0,True,False,1
2022-12-03,AA182958,50.0,100.0,True,False,1
2022-12-03,AA182978,50.0,100.0,True,False,1
2022-12-03,AA182979,50.0,100.0,True,False,1
2022-12-03,AA182983,50.0,100.0,True,False,1
2022-12-03,AA182985,50.0,85.0523585858586,True,False,1
2022-12-03,AA183012,50.0,100.0,True,False,1
2022-12-03,AA183017,50.0,100.0,True,False,1
2022-12-03,AA183022,50.0,100.0,True,False,1
2022-12-03,AA183024,50.0,100.0,True,False,1
2022-12-03,AA183025,50.0,100.0,True,False,1
2022-12-03,AA183026,50.0,100.0,True,False,1
2022-12-03,AA183029,50.0,100.0,True,False,1
2022-12-03,AA183042,50.0,100.0,True,False,1
2022-12-03,AA183044,42.9230436507937,99.7953214285714,True,False,1
2022-12-03,AA183055,50.0,99.6111281565657,True,False,1
2022-12-03,AA183056,50.0,100.0,True,False,1
2022-12-03,AA183061,50.0,100.0,True,False,1
2022-12-03,AA183088,48.2837897727273,98.7153551136364,True,False,1
2022-12-03,AA183089,40.514010989011,99.8226648351648,True,False,1
2022-12-03,AA183122,50.0,100.0,True,False,1
2022-12-03,AA183123,48.9850252525253,99.9769886363636,True,False,1
2022-12-03,AA183127,50.0,100.0,True,False,1
2022-12-03,AA183128,50.0,100.0,True,False,1
2022-12-03,AA183143,50.0,100.0,True,False,1
2022-12-03,AA183149,50.0,100.0,True,False,1
2022-12-03,AA183167,50.0,100.0,True,False,1
2022-12-03,AA183169,50.0,100.0,True,False,1
2022-12-03,AA183173,50.0,100.0,True,False,1
2022-12-03,AA183184,50.0,100.0,True,False,1
2022-12-03,AA183206,50.0,100.0,True,False,1
2022-12-03,AA183217,50.0,100.0,True,False,1
2022-12-03,AA183219,44.7374558080808,99.8587468434343,True,False,1
2022-12-03,AA183237,50.0,100.0,True,False,1
2022-12-03,AA183245,50.0,100.0,True,False,1
2022-12-03,AA183327,50.0,100.0,True,False,1
2022-12-03,AA183332,50.0,100.0,True,False,1
2022-12-03,AA183351,336.747407407407,91.1905952380952,True,False,1
2022-12-03,AA183379,50.0,81.139550760582,True,False,1
2022-12-03,AA183385,50.0,100.0,True,False,1
2022-12-03,AA183393,50.0,93.4776853956229,True,False,1
2022-12-03,AA183401,50.0,77.9088667929293,True,False,1
2022-12-03,AA183405,50.0,85.6707223274411,True,False,1
2022-12-03,AA183408,50.0,99.2774771825397,True,False,1
2022-12-03,AA183409,41.9007657828283,99.830908459596,True,False,1
2022-12-03,AA183410,50.0,80.1675591329966,True,False,1
2022-12-03,AA183413,50.0,100.0,True,False,1
2022-12-03,AA183415,50.0,100.0,True,False,1
2022-12-03,AA183432,50.0,66.4325675019425,True,False,1
2022-12-03,AA183433,50.0,91.5421724386724,True,False,1
2022-12-03,AA183458,50.0,100.0,True,False,1
2022-12-03,AA183471,50.0,63.5036461247086,True,False,1
2022-12-03,AA183473,50.0,100.0,True,False,1
2022-12-03,AA183487,50.0,100.0,True,False,1
2022-12-03,AA183488,50.0,99.8875589225589,True,False,1
2022-12-03,AA183499,50.0,78.0428918350168,True,False,1
2022-12-03,AA183500,50.0,100.0,True,False,1
2022-12-03,AA183511,50.0,100.0,True,False,1
2022-12-03,AA183514,50.0,99.5013292748918,True,False,1
2022-12-03,AA183526,50.0,100.0,True,False,1
2022-12-03,AA183528,50.0,100.0,True,False,1
2022-12-03,AA183546,50.0,100.0,True,False,1
2022-12-03,AA183549,50.0,100.0,True,False,1
2022-12-03,AA183633,50.0,100.0,True,False,1
2022-12-03,AA183636,48.9320075757576,99.9856439393939,True,False,1
2022-12-03,AA183641,43.8998453282828,99.7611218434343,True,False,1
2022-12-03,AA183648,50.0,100.0,True,False,1
2022-12-03,AA183650,50.0,100.0,True,False,1
2022-12-03,AA183654,50.0,100.0,True,False,1
2022-12-03,AA183658,50.0,100.0,True,False,1
2022-12-03,AA183659,50.0,100.0,True,False,1
2022-12-03,AA183674,50.0,100.0,True,False,1
2022-12-03,AA183733,50.0,100.0,True,False,1
2022-12-03,AA183737,50.0,100.0,True,False,1
2022-12-03,AA183767,50.0,100.0,True,False,1
2022-12-03,AA183774,50.0,100.0,True,False,1
2022-12-03,AA183779,48.4269166666667,99.2324772727273,True,False,1
2022-12-03,AA183784,50.0,63.550413510101,True,False,1
2022-12-03,AA183803,50.0,100.0,True,False,1
2022-12-03,AA183808,50.0,100.0,True,False,1
2022-12-03,AA183831,50.0,100.0,True,False,1
2022-12-03,AA183857,50.0,100.0,True,False,1
2022-12-03,AA183864,50.0,88.1796559343434,True,False,1
2022-12-03,AA183896,50.0,76.5060164141414,True,False,1
2022-12-03,AA183906,50.0,100.0,True,False,1
2022-12-03,AA183921,50.0,100.0,True,False,1
2022-12-03,AA183933,50.0,99.524485465923,True,False,1
2022-12-03,AA183951,40.3551550925926,99.8092384259259,True,False,1
2022-12-03,AA183952,50.0,85.1103787578162,True,False,1
2022-12-03,AA183954,50.0,100.0,True,False,1
2022-12-03,AA183969,50.0,89.7156029040404,True,False,1
2022-12-03,AA183990,50.0,100.0,True,False,1
2022-12-03,AA184021,50.0,74.8412940786066,True,False,1
2022-12-03,AA184024,50.0,100.0,True,False,1
2022-12-03,AA184030,50.0,68.8599039201539,True,False,1
2022-12-03,AA184073,50.0,75.1452163299663,True,False,1
2022-12-03,AA194126,50.0,100.0,True,False,1
2022-12-03,AA194138,45.7539836309524,91.5980524140212,True,False,1
2022-12-03,AA194160,50.0,100.0,True,False,1
2022-12-03,AA194193,50.0,100.0,True,False,1
2022-12-03,AA194214,45.8372474747475,99.8816824494949,True,False,1
2022-12-03,AA194216,50.0,100.0,True,False,1
2022-12-03,AA194231,50.0,100.0,True,False,1
2022-12-03,AA194237,50.0,100.0,True,False,1
2022-12-03,AA194265,50.0,52.3304801864802,True,False,1
2022-12-03,AA194271,499.682638888889,99.4687301587301,True,False,1
2022-12-03,AA194309,43.8701372053872,99.8777239057239,True,False,1
2022-12-03,AA194313,50.0,100.0,True,False,1
2022-12-03,AA194345,50.0,100.0,True,False,1
2022-12-03,AA194370,50.0,99.98655,True,False,1
2022-12-03,AA194376,44.6648015873016,98.2554365079365,True,False,1
2022-12-03,AA194435,50.0,100.0,True,False,1
2022-12-03,AA194460,50.0,100.0,True,False,1
2022-12-03,AA194461,49.4079545454545,99.7056818181818,True,False,1
2022-12-03,AA194462,48.4686712962963,99.8295585016835,True,False,1
2022-12-03,AA194490,50.0,100.0,True,False,1
2022-12-03,AA194509,50.0,100.0,True,False,1
2022-12-03,AA194549,50.0,100.0,True,False,1
2022-12-03,AA194575,49.904375,99.6320517676768,True,False,1
2022-12-03,AA194586,50.0,100.0,True,False,1
2022-12-03,AA194612,50.0,100.0,True,False,1
2022-12-03,AA194682,50.0,100.0,True,False,1
2022-12-03,AA194729,50.0,100.0,True,False,1
2022-12-03,AA194779,50.0,100.0,True,False,1
2022-12-03,AA194833,50.0,100.0,True,False,1
2022-12-03,AA194870,50.0,100.0,True,False,1
2022-12-03,AA194941,50.0,100.0,True,False,1
2022-12-03,AA194943,50.0,100.0,True,False,1
2022-12-03,AA194960,49.0620075757576,98.6602904040404,True,False,1
2022-12-03,AA194974,41.6602991938617,99.4842062937063,True,False,1
2022-12-03,AA194995,50.0,100.0,True,False,1
2022-12-03,AA195000,50.0,100.0,True,False,1
2022-12-03,AA195003,50.0,100.0,True,False,1
2022-12-03,AA195048,50.0,100.0,True,False,1
2022-12-03,AA195054,41.7272153351699,99.4513308080808,True,False,1
2022-12-03,AA195080,50.0,100.0,True,False,1
2022-12-03,AA195095,50.0,100.0,True,False,1
2022-12-03,AA195128,50.0,100.0,True,False,1
2022-12-03,AA195129,50.0,100.0,True,False,1
2022-12-03,AA195138,50.0,100.0,True,False,1
2022-12-03,AA195144,50.0,100.0,True,False,1
2022-12-03,AA195174,50.0,100.0,True,False,1
2022-12-03,AA195188,65.1743055555556,82.28375,True,False,1
2022-12-03,AA195219,50.0,100.0,True,False,1
2022-12-03,AA195238,50.0,100.0,True,False,1
2022-12-03,AA195252,50.0,100.0,True,False,1
2022-12-03,AA195273,50.0,100.0,True,False,1
2022-12-03,AA195283,50.0,100.0,True,False,1
2022-12-03,AA195285,50.0,100.0,True,False,1
2022-12-03,AA195290,50.0,81.5929861111111,True,False,1
2022-12-03,AA195312,510.1,76.6405555555556,True,False,1
2022-12-03,AA195324,50.0,100.0,True,False,1
2022-12-03,AA195333,50.0,100.0,True,False,1
2022-12-03,AA195354,43.7337179487179,99.8259994172494,True,False,1
2022-12-03,AA195365,50.0,100.0,True,False,1
2022-12-03,AA195377,50.0,100.0,True,False,1
2022-12-03,AA195406,50.0,100.0,True,False,1
2022-12-03,AA195446,48.4969266011766,98.9735298590299,True,False,1
2022-12-03,AA195457,50.0,100.0,True,False,1
2022-12-03,AA195502,50.0,76.6779332750583,True,False,1
2022-12-03,AA195550,50.0,100.0,True,False,1
2022-12-03,AA195553,40.6073311965812,99.7414991096866,True,False,1
2022-12-03,AA195558,40.593180465368,99.6466075937951,True,False,1
2022-12-03,AA195565,50.0,100.0,True,False,1
2022-12-03,AA195617,50.0,100.0,True,False,1
2022-12-03,AA195634,50.0,100.0,True,False,1
2022-12-03,AA195636,50.0,100.0,True,False,1
2022-12-03,AA195661,50.0,100.0,True,False,1
2022-12-03,AA195676,50.0,100.0,True,False,1
2022-12-03,AA195695,50.0,66.9672001262626,True,False,1
2022-12-03,AA195696,50.0,100.0,True,False,1
2022-12-03,AA195702,49.568284527972,99.9899766899767,True,False,1
2022-12-03,AA195740,50.0,100.0,True,False,1
2022-12-03,AA195764,50.0,100.0,True,False,1
2022-12-03,AA195765,50.0,100.0,True,False,1
2022-12-03,AA195767,50.0,100.0,True,False,1
2022-12-03,AA195773,50.0,100.0,True,False,1
2022-12-03,AA195820,50.0,100.0,True,False,1
2022-12-03,AA195859,50.0,100.0,True,False,1
2022-12-03,AA195909,50.0,100.0,True,False,1
2022-12-03,AA195912,50.0,100.0,True,False,1
2022-12-03,AA195968,50.0,100.0,True,False,1
2022-12-03,AA195970,50.0,100.0,True,False,1
2022-12-03,AA195977,50.0,100.0,True,False,1
2022-12-03,AA196076,50.0,100.0,True,False,1
2022-12-03,AA196081,50.0,100.0,True,False,1
2022-12-03,AA196094,50.0,100.0,True,False,1
2022-12-03,AA196120,42.5748295454545,96.5746287878788,True,False,1
2022-12-03,AA196127,50.0,100.0,True,False,1
2022-12-03,AA196132,50.0,100.0,True,False,1
2022-12-03,AA196192,50.0,100.0,True,False,1
2022-12-03,AA196287,50.0,100.0,True,False,1
2022-12-03,AA196323,50.0,100.0,True,False,1
2022-12-03,AA196374,46.9478914141414,96.6922127525252,True,False,1
2022-12-03,AA196377,45.7969298245614,99.9084210526316,True,False,1
2022-12-03,AA196393,50.0,100.0,True,False,1
2022-12-03,AA196395,50.0,100.0,True,False,1
2022-12-03,AA196409,50.0,100.0,True,False,1
2022-12-03,AA196418,42.7378571428571,99.8847619047619,True,False,1
2022-12-03,AA196423,50.0,100.0,True,False,1
2022-12-03,AA196433,49.7865625,99.6457291666667,True,False,1
2022-12-03,AA196447,50.0,100.0,True,False,1
2022-12-03,AA196495,50.0,100.0,True,False,1
2022-12-03,AA196517,49.1581784188034,99.5479540598291,True,False,1
2022-12-03,AA196575,49.5269696969697,99.98,True,False,1
2022-12-03,AA196589,43.585033022533,99.8681036324786,True,False,1
2022-12-03,AA196721,50.0,68.7876129079254,True,False,1
2022-12-03,AA196756,50.0,100.0,True,False,1
2022-12-03,AA196780,50.0,100.0,True,False,1
2022-12-03,AA196881,50.0,100.0,True,False,1
2022-12-03,AA196918,45.0204419191919,95.0761616161616,True,False,1
2022-12-03,AA196925,507.1,99.4902976190476,True,False,1
2022-12-03,AA196950,49.8082407407407,99.9925,True,False,1
2022-12-03,AA196951,44.0815214646465,99.7007891414141,True,False,1
2022-12-03,AA196957,50.0,100.0,True,False,1
2022-12-03,AA196963,49.6298072390572,98.5681952861953,True,False,1
2022-12-03,AA197000,50.0,100.0,True,False,1
2022-12-03,AA197053,50.0,100.0,True,False,1
2022-12-03,AA197070,50.0,100.0,True,False,1
2022-12-03,AA197094,44.1840309343434,99.0370328282828,True,False,1
2022-12-03,AA197103,50.0,100.0,True,False,1
2022-12-03,AA197128,49.9109090909091,99.9980681818182,True,False,1
2022-12-03,AA197135,50.0,100.0,True,False,1
2022-12-03,AA197233,50.0,100.0,True,False,1
2022-12-03,AA197331,50.0,100.0,True,False,1
2022-12-03,AA197343,49.8142361111111,99.9967708333333,True,False,1
2022-12-03,AA197346,40.4310808080808,96.8767348484848,True,False,1
2022-12-03,AA197348,50.0,100.0,True,False,1
2022-12-03,AA197356,50.0,100.0,True,False,1
2022-12-03,AA197369,41.450625,99.608530982906,True,False,1
2022-12-03,AA197401,50.0,100.0,True,False,1
2022-12-03,AA197440,49.1544823232323,99.115928030303,True,False,1
2022-12-03,AA197457,43.6840708056563,99.2575118598507,True,False,1
2022-12-03,AA197490,50.0,100.0,True,False,1
2022-12-03,AA197495,40.1227105672106,89.2745272921523,True,False,1
2022-12-03,AA197549,50.0,99.4880711279461,True,False,1
2022-12-03,AA197550,50.0,98.0921692818007,True,False,1
2022-12-03,AA197553,50.0,100.0,True,False,1
2022-12-03,AA197622,49.92125,99.8114396367521,True,False,1
2022-12-03,AA197644,49.1261793981481,99.9832083333333,True,False,1
2022-12-03,AA197648,50.0,100.0,True,False,1
2022-12-03,AA197651,40.4330482711733,99.7208423174048,True,False,1
2022-12-03,AA197668,50.0,95.7140618686869,True,False,1
2022-12-03,AA197698,50.0,100.0,True,False,1
2022-12-03,AA197703,50.0,100.0,True,False,1
2022-12-03,AA197713,50.0,100.0,True,False,1
2022-12-03,AA197738,50.0,100.0,True,False,1
2022-12-03,AA197739,49.5440593434343,99.9897537878788,True,False,1
2022-12-03,AA197746,50.0,100.0,True,False,1
2022-12-03,AA197765,46.5901875,95.773797979798,True,False,1
2022-12-03,AA197777,50.0,100.0,True,False,1
2022-12-03,AA197784,50.0,100.0,True,False,1
2022-12-03,AA197791,50.0,100.0,True,False,1
2022-12-03,AA197827,50.0,100.0,True,False,1
2022-12-03,AA197873,50.0,100.0,True,False,1
2022-12-03,AA197910,50.0,100.0,True,False,1
2022-12-03,AA197938,50.0,100.0,True,False,1
2022-12-03,AA197976,50.0,100.0,True,False,1
2022-12-03,AA197980,50.0,99.4711281565657,True,False,1
2022-12-03,AA215002,44.1377904040404,99.8501893939394,True,False,1
2022-12-03,AA215014,50.0,69.6900817450523,True,False,1
2022-12-03,AA21501F,50.0,84.660716540404,True,False,1
2022-12-03,AA215026,50.0,100.0,True,False,1
2022-12-03,AA21502B,50.0,100.0,True,False,1
2022-12-03,AA21502C,50.0,100.0,True,False,1
2022-12-03,AA215038,50.0,98.5380582750583,True,False,1
2022-12-03,AA215044,509.6,91.5735912698413,True,False,1
2022-12-03,AA215057,50.0,80.2986268939394,True,False,1
2022-12-03,AA21606E,50.0,99.5103591269841,True,False,1
2022-12-04,AA180115,42.1829642579643,99.8471187839938,True,False,1
2022-12-04,AA180121,509.9,98.9621825396825,True,False,1
2022-12-04,AA180132,50.0,100.0,True,False,1
2022-12-04,AA180134,50.0,100.0,True,False,1
2022-12-04,AA180137,50.0,100.0,True,False,1
2022-12-04,AA180159,47.7442297979798,99.8355018939394,True,False,1
2022-12-04,AA180164,50.0,100.0,True,False,1
2022-12-04,AA180166,50.0,99.5215214646465,True,False,1
2022-12-04,AA180168,50.0,99.4803017676767,True,False,1
2022-12-04,AA180184,50.0,83.5235896048396,True,False,1
2022-12-04,AA180196,50.0,60.0461130050505,True,False,1
2022-12-04,AA180200,50.0,100.0,True,False,1
2022-12-04,AA180246,50.0,100.0,True,False,1
2022-12-04,AA180247,50.0,100.0,True,False,1
2022-12-04,AA180277,46.5052613636364,99.9167291666667,True,False,1
2022-12-04,AA180281,50.0,100.0,True,False,1
2022-12-04,AA180306,50.0,100.0,True,False,1
2022-12-04,AA180319,50.0,100.0,True,False,1
2022-12-04,AA180332,50.0,100.0,True,False,1
2022-12-04,AA180369,50.0,100.0,True,False,1
2022-12-04,AA180372,50.0,100.0,True,False,1
2022-12-04,AA180379,50.0,100.0,True,False,1
2022-12-04,AA180389,50.0,100.0,True,False,1
2022-12-04,AA180398,50.0,100.0,True,False,1
2022-12-04,AA180401,50.0,100.0,True,False,1
2022-12-04,AA180411,50.0,100.0,True,False,1
2022-12-04,AA180453,50.0,100.0,True,False,1
2022-12-04,AA180454,50.0,100.0,True,False,1
2022-12-04,AA180485,50.0,99.5306363636364,True,False,1
2022-12-04,AA180492,45.4146022727273,95.0756710858586,True,False,1
2022-12-04,AA180499,50.0,100.0,True,False,1
2022-12-04,AA180502,50.0,100.0,True,False,1
2022-12-04,AA180503,50.0,100.0,True,False,1
2022-12-04,AA180507,50.0,100.0,True,False,1
2022-12-04,AA180514,50.0,100.0,True,False,1
2022-12-04,AA180522,50.0,100.0,True,False,1
2022-12-04,AA180525,509.4,99.5079166666667,True,False,1
2022-12-04,AA180532,50.0,100.0,True,False,1
2022-12-04,AA180534,50.0,100.0,True,False,1
2022-12-04,AA180543,50.0,100.0,True,False,1
2022-12-04,AA180544,50.0,100.0,True,False,1
2022-12-04,AA180552,50.0,100.0,True,False,1
2022-12-04,AA180559,50.0,100.0,True,False,1
2022-12-04,AA180631,50.0,100.0,True,False,1
2022-12-04,AA180641,50.0,100.0,True,False,1
2022-12-04,AA180663,50.0,100.0,True,False,1
2022-12-04,AA180670,50.0,100.0,True,False,1
2022-12-04,AA180671,50.0,100.0,True,False,1
2022-12-04,AA180678,50.0,100.0,True,False,1
2022-12-04,AA180683,50.0,100.0,True,False,1
2022-12-04,AA180684,50.0,100.0,True,False,1
2022-12-04,AA180709,50.0,100.0,True,False,1
2022-12-04,AA180743,48.7867361111111,99.9798958333333,True,False,1
2022-12-04,AA180744,50.0,89.5652417929293,True,False,1
2022-12-04,AA180780,50.0,91.8538857323232,True,False,1
2022-12-04,AA180782,49.0948106060606,99.9299210858586,True,False,1
2022-12-04,AA180792,50.0,100.0,True,False,1
2022-12-04,AA180807,50.0,91.7393813131313,True,False,1
2022-12-04,AA180814,50.0,81.3926534090909,True,False,1
2022-12-04,AA180819,50.0,100.0,True,False,1
2022-12-04,AA180821,50.0,100.0,True,False,1
2022-12-04,AA180831,50.0,75.0777432659933,True,False,1
2022-12-04,AA180846,50.0,100.0,True,False,1
2022-12-04,AA180872,50.0,100.0,True,False,1
2022-12-04,AA180874,40.6055700757576,99.8397796717172,True,False,1
2022-12-04,AA180899,46.1101838092463,99.9197994366745,True,False,1
2022-12-04,AA180923,49.8953703703704,100.0,True,False,1
2022-12-04,AA180944,50.0,100.0,True,False,1
2022-12-04,AA180959,360.921022727273,20.8695779220779,True,False,1
2022-12-04,AA180969,50.0,100.0,True,False,1
2022-12-04,AA180986,50.0,100.0,True,False,1
2022-12-04,AA180988,369.648051282051,19.4595851648352,True,False,1
2022-12-04,AA180991,50.0,100.0,True,False,1
2022-12-04,AA181003,50.0,100.0,True,False,1
2022-12-04,AA181021,50.0,96.8916578282828,True,False,1
2022-12-04,AA181033,512.0,96.9070436507936,True,False,1
2022-12-04,AA181038,50.0,100.0,True,False,1
2022-12-04,AA181058,50.0,100.0,True,False,1
2022-12-04,AA181059,49.0584027777778,99.9747569444445,True,False,1
2022-12-04,AA181079,50.0,100.0,True,False,1
2022-12-04,AA181113,50.0,100.0,True,False,1
2022-12-04,AA181125,50.0,100.0,True,False,1
2022-12-04,AA181135,50.0,100.0,True,False,1
2022-12-04,AA181173,50.0,100.0,True,False,1
2022-12-04,AA181174,50.0,100.0,True,False,1
2022-12-04,AA181185,50.0,100.0,True,False,1
2022-12-04,AA181187,50.0,86.8248156565656,True,False,1
2022-12-04,AA181193,50.0,100.0,True,False,1
2022-12-04,AA181197,50.0,84.864111952862,True,False,1
2022-12-04,AA181208,50.0,100.0,True,False,1
2022-12-04,AA181210,50.0,97.9435890151515,True,False,1
2022-12-04,AA181212,50.0,100.0,True,False,1
2022-12-04,AA181222,50.0,99.2961142676768,True,False,1
2022-12-04,AA181223,50.0,82.2757392676768,True,False,1
2022-12-04,AA181230,50.0,100.0,True,False,1
2022-12-04,AA181245,50.0,100.0,True,False,1
2022-12-04,AA181268,50.0,79.635110479798,True,False,1
2022-12-04,AA181270,50.0,100.0,True,False,1
2022-12-04,AA181296,50.0,72.9261931818182,True,False,1
2022-12-04,AA181297,50.0,100.0,True,False,1
2022-12-04,AA181299,50.0,100.0,True,False,1
2022-12-04,AA181321,42.6133897306397,97.2235096801347,True,False,1
2022-12-04,AA181336,50.0,100.0,True,False,1
2022-12-04,AA181343,50.0,100.0,True,False,1
2022-12-04,AA181353,50.0,81.006351010101,True,False,1
2022-12-04,AA181362,50.0,100.0,True,False,1
2022-12-04,AA181363,48.7245833333333,99.9766287878788,True,False,1
2022-12-04,AA181396,50.0,100.0,True,False,1
2022-12-04,AA181407,50.0,100.0,True,False,1
2022-12-04,AA181409,50.0,100.0,True,False,1
2022-12-04,AA181416,50.0,100.0,True,False,1
2022-12-04,AA181425,50.0,100.0,True,False,1
2022-12-04,AA181437,50.0,100.0,True,False,1
2022-12-04,AA181446,50.0,100.0,True,False,1
2022-12-04,AA181447,50.0,100.0,True,False,1
2022-12-04,AA181454,50.0,99.5060467171717,True,False,1
2022-12-04,AA181461,50.0,100.0,True,False,1
2022-12-04,AA181474,50.0,100.0,True,False,1
2022-12-04,AA181478,509.9,98.9175198412698,True,False,1
2022-12-04,AA181479,50.0,100.0,True,False,1
2022-12-04,AA181480,50.0,100.0,True,False,1
2022-12-04,AA181488,50.0,98.9631012043512,True,False,1
2022-12-04,AA181490,50.0,100.0,True,False,1
2022-12-04,AA181499,50.0,100.0,True,False,1
2022-12-04,AA181511,50.0,100.0,True,False,1
2022-12-04,AA181530,50.0,100.0,True,False,1
2022-12-04,AA181538,45.8366423160173,99.9217251984127,True,False,1
2022-12-04,AA181550,50.0,100.0,True,False,1
2022-12-04,AA181578,50.0,100.0,True,False,1
2022-12-04,AA181583,42.5039898989899,99.8628156565657,True,False,1
2022-12-04,AA181596,50.0,100.0,True,False,1
2022-12-04,AA181611,50.0,100.0,True,False,1
2022-12-04,AA181622,50.0,100.0,True,False,1
2022-12-04,AA181625,50.0,73.239432661667,True,False,1
2022-12-04,AA181634,50.0,100.0,True,False,1
2022-12-04,AA181642,46.0921590909091,99.2297348484849,True,False,1
2022-12-04,AA181650,41.7453695609946,99.6703676184926,True,False,1
2022-12-04,AA181663,50.0,75.077823622558,True,False,1
2022-12-04,AA181682,50.0,100.0,True,False,1
2022-12-04,AA181689,50.0,100.0,True,False,1
2022-12-04,AA181708,50.0,100.0,True,False,1
2022-12-04,AA181726,50.0,100.0,True,False,1
2022-12-04,AA181752,43.9722948232323,99.9002777777778,True,False,1
2022-12-04,AA181772,50.0,100.0,True,False,1
2022-12-04,AA181804,50.0,100.0,True,False,1
2022-12-04,AA181894,50.0,100.0,True,False,1
2022-12-04,AA181906,50.0,100.0,True,False,1
2022-12-04,AA181923,50.0,100.0,True,False,1
2022-12-04,AA181946,92.6419166666667,91.8243055555556,True,False,1
2022-12-04,AA181951,50.0,78.529423265392,True,False,1
2022-12-04,AA181953,50.0,100.0,True,False,1
2022-12-04,AA181954,511.8,78.5079365079365,True,False,1
2022-12-04,AA181964,50.0,78.4832800925926,True,False,1
2022-12-04,AA181969,50.0,100.0,True,False,1
2022-12-04,AA181987,50.0,80.5058392255892,True,False,1
2022-12-04,AA181993,50.0,76.2512090698653,True,False,1
2022-12-04,AA182008,50.0,94.3594191167629,True,False,1
2022-12-04,AA182011,510.4,76.1925198412698,True,False,1
2022-12-04,AA182040,50.0,80.3475,True,False,1
2022-12-04,AA182045,50.0,100.0,True,False,1
2022-12-04,AA182058,50.0,100.0,True,False,1
2022-12-04,AA182070,50.0,80.5812493848744,True,False,1
2022-12-04,AA182093,43.2883773148148,99.83045128367,True,False,1
2022-12-04,AA182151,50.0,100.0,True,False,1
2022-12-04,AA182152,50.0,100.0,True,False,1
2022-12-04,AA182178,50.0,60.3456822309635,True,False,1
2022-12-04,AA182210,50.0,83.6687474747475,True,False,1
2022-12-04,AA182214,46.7074149659864,82.8824635126778,True,False,1
2022-12-04,AA182247,50.0,90.9010873316498,True,False,1
2022-12-04,AA182271,48.9591666666667,99.9745833333333,True,False,1
2022-12-04,AA182289,50.0,100.0,True,False,1
2022-12-04,AA182316,50.0,100.0,True,False,1
2022-12-04,AA182382,50.0,100.0,True,False,1
2022-12-04,AA182397,50.0,100.0,True,False,1
2022-12-04,AA182409,50.0,100.0,True,False,1
2022-12-04,AA182410,50.0,90.3798352029914,True,False,1
2022-12-04,AA182428,44.4023863636364,97.6052398989899,True,False,1
2022-12-04,AA182442,50.0,100.0,True,False,1
2022-12-04,AA182471,50.0,77.2447369077682,True,False,1
2022-12-04,AA182474,50.0,100.0,True,False,1
2022-12-04,AA182491,50.0,81.0678363580864,True,False,1
2022-12-04,AA182493,50.0,100.0,True,False,1
2022-12-04,AA182494,50.0,98.5746767676768,True,False,1
2022-12-04,AA182510,40.504813236532,88.750148253367,True,False,1
2022-12-04,AA182526,50.0,86.077,True,False,1
2022-12-04,AA182556,50.0,90.2657535774411,True,False,1
2022-12-04,AA182559,50.0,79.0577878787879,True,False,1
2022-12-04,AA182564,50.0,82.2360086279461,True,False,1
2022-12-04,AA182580,375.904166666667,94.061453493266,True,False,1
2022-12-04,AA182592,50.0,96.5627126068376,True,False,1
2022-12-04,AA182596,50.0,69.2313571127946,True,False,1
2022-12-04,AA182615,42.2522054924242,99.704813973064,True,False,1
2022-12-04,AA182616,50.0,86.5040689033189,True,False,1
2022-12-04,AA182618,50.0,100.0,True,False,1
2022-12-04,AA182633,50.0,100.0,True,False,1
2022-12-04,AA182634,50.0,96.0210107323232,True,False,1
2022-12-04,AA182638,50.0,100.0,True,False,1
2022-12-04,AA182650,50.0,99.6642234848485,True,False,1
2022-12-04,AA182668,50.0,71.1299438131313,True,False,1
2022-12-04,AA182672,50.0,68.6295309343434,True,False,1
2022-12-04,AA182682,50.0,100.0,True,False,1
2022-12-04,AA182719,43.6615667087542,99.8542013888889,True,False,1
2022-12-04,AA182722,49.8510763888889,99.9073263888889,True,False,1
2022-12-04,AA182726,46.8121912878788,99.9281003787879,True,False,1
2022-12-04,AA182731,49.5658775252525,99.9824936868687,True,False,1
2022-12-04,AA182736,50.0,100.0,True,False,1
2022-12-04,AA182739,50.0,100.0,True,False,1
2022-12-04,AA182747,50.0,98.5710092592593,True,False,1
2022-12-04,AA182767,50.0,98.3637662907268,True,False,1
2022-12-04,AA182779,50.0,100.0,True,False,1
2022-12-04,AA182818,50.0,100.0,True,False,1
2022-12-04,AA182836,50.0,100.0,True,False,1
2022-12-04,AA182849,50.0,100.0,True,False,1
2022-12-04,AA182870,50.0,100.0,True,False,1
2022-12-04,AA182876,45.6089646464646,99.8865292346542,True,False,1
2022-12-04,AA182883,44.1615669191919,96.7274494949495,True,False,1
2022-12-04,AA182890,50.0,100.0,True,False,1
2022-12-04,AA182891,50.0,100.0,True,False,1
2022-12-04,AA182902,50.0,100.0,True,False,1
2022-12-04,AA182909,50.0,100.0,True,False,1
2022-12-04,AA182917,50.0,100.0,True,False,1
2022-12-04,AA182918,50.0,100.0,True,False,1
2022-12-04,AA182921,50.0,98.0372069805195,True,False,1
2022-12-04,AA182927,50.0,100.0,True,False,1
2022-12-04,AA182936,50.0,100.0,True,False,1
2022-12-04,AA182958,50.0,100.0,True,False,1
2022-12-04,AA182978,50.0,100.0,True,False,1
2022-12-04,AA182979,50.0,100.0,True,False,1
2022-12-04,AA182983,50.0,100.0,True,False,1
2022-12-04,AA182985,50.0,88.1624129689755,True,False,1
2022-12-04,AA183012,50.0,100.0,True,False,1
2022-12-04,AA183017,50.0,100.0,True,False,1
2022-12-04,AA183022,50.0,100.0,True,False,1
2022-12-04,AA183024,50.0,100.0,True,False,1
2022-12-04,AA183025,50.0,100.0,True,False,1
2022-12-04,AA183026,50.0,100.0,True,False,1
2022-12-04,AA183029,50.0,100.0,True,False,1
2022-12-04,AA183042,50.0,100.0,True,False,1
2022-12-04,AA183044,40.4845989583333,99.7530516098485,True,False,1
2022-12-04,AA183055,50.0,99.5136757756133,True,False,1
2022-12-04,AA183056,50.0,100.0,True,False,1
2022-12-04,AA183061,50.0,100.0,True,False,1
2022-12-04,AA183088,50.0,100.0,True,False,1
2022-12-04,AA183122,50.0,100.0,True,False,1
2022-12-04,AA183123,48.3189772727273,99.964678030303,True,False,1
2022-12-04,AA183127,50.0,100.0,True,False,1
2022-12-04,AA183128,50.0,100.0,True,False,1
2022-12-04,AA183143,50.0,100.0,True,False,1
2022-12-04,AA183149,50.0,100.0,True,False,1
2022-12-04,AA183167,50.0,100.0,True,False,1
2022-12-04,AA183169,50.0,100.0,True,False,1
2022-12-04,AA183173,50.0,100.0,True,False,1
2022-12-04,AA183184,50.0,100.0,True,False,1
2022-12-04,AA183206,50.0,100.0,True,False,1
2022-12-04,AA183209,43.0560606060606,99.6647474747475,True,False,1
2022-12-04,AA183217,50.0,100.0,True,False,1
2022-12-04,AA183219,46.5613667929293,99.9006660353535,True,False,1
2022-12-04,AA183226,45.3298878367003,99.9140949074074,True,False,1
2022-12-04,AA183237,50.0,100.0,True,False,1
2022-12-04,AA183245,50.0,100.0,True,False,1
2022-12-04,AA183327,50.0,100.0,True,False,1
2022-12-04,AA183332,50.0,100.0,True,False,1
2022-12-04,AA183343,350.833695652174,99.4757971014493,True,False,1
2022-12-04,AA183351,169.257736111111,99.5523472222222,True,False,1
2022-12-04,AA183379,50.0,83.352453718735,True,False,1
2022-12-04,AA183385,50.0,100.0,True,False,1
2022-12-04,AA183393,50.0,93.7445069444444,True,False,1
2022-12-04,AA183401,50.0,84.0903339646465,True,False,1
2022-12-04,AA183405,50.0,86.9535282287157,True,False,1
2022-12-04,AA183408,50.0,99.5555324074074,True,False,1
2022-12-04,AA183409,44.8122224326599,99.8725498737374,True,False,1
2022-12-04,AA183410,50.0,84.6686016414142,True,False,1
2022-12-04,AA183413,50.0,100.0,True,False,1
2022-12-04,AA183415,50.0,100.0,True,False,1
2022-12-04,AA183432,50.0,68.4667676767677,True,False,1
2022-12-04,AA183433,50.0,93.9897215909091,True,False,1
2022-12-04,AA183458,50.0,100.0,True,False,1
2022-12-04,AA183471,50.0,72.1000301573427,True,False,1
2022-12-04,AA183473,50.0,100.0,True,False,1
2022-12-04,AA183487,50.0,100.0,True,False,1
2022-12-04,AA183488,49.8982196969697,99.9068912037037,True,False,1
2022-12-04,AA183499,50.0,80.4124753787879,True,False,1
2022-12-04,AA183500,49.6357954545455,99.8245454545455,True,False,1
2022-12-04,AA183511,50.0,100.0,True,False,1
2022-12-04,AA183514,50.0,99.5235576599326,True,False,1
2022-12-04,AA183526,50.0,100.0,True,False,1
2022-12-04,AA183528,50.0,100.0,True,False,1
2022-12-04,AA183546,50.0,100.0,True,False,1
2022-12-04,AA183549,50.0,100.0,True,False,1
2022-12-04,AA183633,50.0,100.0,True,False,1
2022-12-04,AA183641,46.8599595959596,99.8329109848485,True,False,1
2022-12-04,AA183648,49.897196969697,99.9987121212121,True,False,1
2022-12-04,AA183650,50.0,100.0,True,False,1
2022-12-04,AA183654,50.0,100.0,True,False,1
2022-12-04,AA183658,50.0,100.0,True,False,1
2022-12-04,AA183659,50.0,100.0,True,False,1
2022-12-04,AA183674,50.0,100.0,True,False,1
2022-12-04,AA183733,47.1982060185185,97.9725199915825,True,False,1
2022-12-04,AA183737,50.0,100.0,True,False,1
2022-12-04,AA183759,54.597123015873,98.1749007936508,True,False,1
2022-12-04,AA183767,50.0,100.0,True,False,1
2022-12-04,AA183774,50.0,100.0,True,False,1
2022-12-04,AA183779,40.1888825757576,95.2274696969697,True,False,1
2022-12-04,AA183784,50.0,64.9678777356902,True,False,1
2022-12-04,AA183803,50.0,100.0,True,False,1
2022-12-04,AA183808,50.0,100.0,True,False,1
2022-12-04,AA183831,50.0,100.0,True,False,1
2022-12-04,AA183843,46.2623504689755,99.9380414862915,True,False,1
2022-12-04,AA183857,50.0,100.0,True,False,1
2022-12-04,AA183864,50.0,76.6789204545454,True,False,1
2022-12-04,AA183896,50.0,78.5517228535354,True,False,1
2022-12-04,AA183906,50.0,100.0,True,False,1
2022-12-04,AA183921,50.0,100.0,True,False,1
2022-12-04,AA183933,50.0,99.4949981060606,True,False,1
2022-12-04,AA183951,42.6984440993789,99.8481107660456,True,False,1
2022-12-04,AA183952,50.0,85.2436005892256,True,False,1
2022-12-04,AA183954,50.0,100.0,True,False,1
2022-12-04,AA183969,50.0,88.9365921717172,True,False,1
2022-12-04,AA183990,50.0,100.0,True,False,1
2022-12-04,AA184021,50.0,73.4097691498317,True,False,1
2022-12-04,AA184024,50.0,100.0,True,False,1
2022-12-04,AA184030,50.0,70.1933369708995,True,False,1
2022-12-04,AA184073,50.0,74.8656658249158,True,False,1
2022-12-04,AA194126,50.0,100.0,True,False,1
2022-12-04,AA194138,46.9833314393939,94.4890462962963,True,False,1
2022-12-04,AA194160,50.0,100.0,True,False,1
2022-12-04,AA194193,50.0,100.0,True,False,1
2022-12-04,AA194214,45.8343617424242,99.8609021464646,True,False,1
2022-12-04,AA194216,50.0,100.0,True,False,1
2022-12-04,AA194231,50.0,100.0,True,False,1
2022-12-04,AA194237,50.0,100.0,True,False,1
2022-12-04,AA194265,50.0,49.9324090909091,True,False,1
2022-12-04,AA194271,500.385416666667,99.4215277777778,True,False,1
2022-12-04,AA194309,48.4250416666667,99.9548863636364,True,False,1
2022-12-04,AA194313,50.0,100.0,True,False,1
2022-12-04,AA194321,46.9646054292929,97.8243308080808,True,False,1
2022-12-04,AA194345,50.0,100.0,True,False,1
2022-12-04,AA194370,50.0,100.0,True,False,1
2022-12-04,AA194376,50.0,100.0,True,False,1
2022-12-04,AA194386,44.7485327380952,99.8665669642857,True,False,1
2022-12-04,AA194435,50.0,100.0,True,False,1
2022-12-04,AA194460,50.0,100.0,True,False,1
2022-12-04,AA194461,50.0,99.9602777777778,True,False,1
2022-12-04,AA194462,47.2149046717172,97.8603178661616,True,False,1
2022-12-04,AA194490,50.0,100.0,True,False,1
2022-12-04,AA194509,50.0,100.0,True,False,1
2022-12-04,AA194549,50.0,100.0,True,False,1
2022-12-04,AA194575,49.5922601010101,99.6154577020202,True,False,1
2022-12-04,AA194586,50.0,100.0,True,False,1
2022-12-04,AA194612,50.0,100.0,True,False,1
2022-12-04,AA194682,50.0,100.0,True,False,1
2022-12-04,AA194729,50.0,100.0,True,False,1
2022-12-04,AA194779,50.0,100.0,True,False,1
2022-12-04,AA194833,50.0,100.0,True,False,1
2022-12-04,AA194941,50.0,100.0,True,False,1
2022-12-04,AA194943,50.0,100.0,True,False,1
2022-12-04,AA194960,50.0,100.0,True,False,1
2022-12-04,AA194974,41.1757107128982,99.3203775738151,True,False,1
2022-12-04,AA194995,50.0,100.0,True,False,1
2022-12-04,AA195000,50.0,100.0,True,False,1
2022-12-04,AA195003,50.0,100.0,True,False,1
2022-12-04,AA195048,50.0,100.0,True,False,1
2022-12-04,AA195054,44.5567453416149,99.8978426501035,True,False,1
2022-12-04,AA195095,50.0,100.0,True,False,1
2022-12-04,AA195128,50.0,100.0,True,False,1
2022-12-04,AA195129,50.0,100.0,True,False,1
2022-12-04,AA195138,50.0,100.0,True,False,1
2022-12-04,AA195144,50.0,100.0,True,False,1
2022-12-04,AA195174,49.021433531746,99.051498015873,True,False,1
2022-12-04,AA195219,50.0,100.0,True,False,1
2022-12-04,AA195238,50.0,100.0,True,False,1
2022-12-04,AA195252,50.0,93.8126458333333,True,False,1
2022-12-04,AA195273,50.0,100.0,True,False,1
2022-12-04,AA195283,50.0,100.0,True,False,1
2022-12-04,AA195285,50.0,100.0,True,False,1
2022-12-04,AA195290,50.0,82.3051736111111,True,False,1
2022-12-04,AA195312,510.1,78.5276388888889,True,False,1
2022-12-04,AA195324,50.0,100.0,True,False,1
2022-12-04,AA195333,50.0,100.0,True,False,1
2022-12-04,AA195354,44.180321969697,99.806585836039,True,False,1
2022-12-04,AA195365,50.0,100.0,True,False,1
2022-12-04,AA195377,50.0,100.0,True,False,1
2022-12-04,AA195406,50.0,100.0,True,False,1
2022-12-04,AA195446,47.8427685508935,97.8327336829837,True,False,1
2022-12-04,AA195457,50.0,100.0,True,False,1
2022-12-04,AA195502,50.0,78.6289772727273,True,False,1
2022-12-04,AA195550,50.0,100.0,True,False,1
2022-12-04,AA195553,47.315750534188,99.9450053418803,True,False,1
2022-12-04,AA195558,42.5300113636364,99.7387910353535,True,False,1
2022-12-04,AA195565,50.0,100.0,True,False,1
2022-12-04,AA195617,50.0,100.0,True,False,1
2022-12-04,AA195634,50.0,100.0,True,False,1
2022-12-04,AA195636,50.0,100.0,True,False,1
2022-12-04,AA195661,50.0,100.0,True,False,1
2022-12-04,AA195676,50.0,100.0,True,False,1
2022-12-04,AA195695,50.0,65.0181212121212,True,False,1
2022-12-04,AA195696,50.0,100.0,True,False,1
2022-12-04,AA195702,49.6611805555556,99.9926041666667,True,False,1
2022-12-04,AA195740,50.0,100.0,True,False,1
2022-12-04,AA195742,50.0,100.0,True,False,1
2022-12-04,AA195764,50.0,100.0,True,False,1
2022-12-04,AA195765,50.0,100.0,True,False,1
2022-12-04,AA195767,50.0,100.0,True,False,1
2022-12-04,AA195773,50.0,100.0,True,False,1
2022-12-04,AA195775,50.0,100.0,True,False,1
2022-12-04,AA195820,50.0,100.0,True,False,1
2022-12-04,AA195859,50.0,100.0,True,False,1
2022-12-04,AA195875,47.6763541666667,99.4111458333334,True,False,1
2022-12-04,AA195909,50.0,100.0,True,False,1
2022-12-04,AA195912,50.0,100.0,True,False,1
2022-12-04,AA195968,50.0,100.0,True,False,1
2022-12-04,AA195970,50.0,100.0,True,False,1
2022-12-04,AA195977,50.0,100.0,True,False,1
2022-12-04,AA196076,50.0,100.0,True,False,1
2022-12-04,AA196081,50.0,100.0,True,False,1
2022-12-04,AA196094,50.0,100.0,True,False,1
2022-12-04,AA196127,50.0,100.0,True,False,1
2022-12-04,AA196132,50.0,100.0,True,False,1
2022-12-04,AA196192,50.0,100.0,True,False,1
2022-12-04,AA196272,50.0,100.0,True,False,1
2022-12-04,AA196287,50.0,100.0,True,False,1
2022-12-04,AA196323,50.0,100.0,True,False,1
2022-12-04,AA196374,45.5253409090909,95.7655681818182,True,False,1
2022-12-04,AA196377,50.0,100.0,True,False,1
2022-12-04,AA196393,50.0,100.0,True,False,1
2022-12-04,AA196395,50.0,100.0,True,False,1
2022-12-04,AA196409,50.0,100.0,True,False,1
2022-12-04,AA196418,42.4439087301587,99.8491468253968,True,False,1
2022-12-04,AA196423,50.0,100.0,True,False,1
2022-12-04,AA196433,50.0,100.0,True,False,1
2022-12-04,AA196447,50.0,100.0,True,False,1
2022-12-04,AA196495,50.0,100.0,True,False,1
2022-12-04,AA196517,49.7669444444444,99.9940972222222,True,False,1
2022-12-04,AA196575,49.9526736111111,99.9973611111111,True,False,1
2022-12-04,AA196589,49.5725378787879,99.8638257575758,True,False,1
2022-12-04,AA196721,50.0,71.6599545940171,True,False,1
2022-12-04,AA196756,50.0,100.0,True,False,1
2022-12-04,AA196780,50.0,100.0,True,False,1
2022-12-04,AA196881,50.0,100.0,True,False,1
2022-12-04,AA196925,507.1,99.5123611111111,True,False,1
2022-12-04,AA196950,48.8946180555556,99.9430613830614,True,False,1
2022-12-04,AA196951,49.1983680555556,99.7868402777778,True,False,1
2022-12-04,AA196957,50.0,100.0,True,False,1
2022-12-04,AA196963,49.8223106060606,99.3688636363636,True,False,1
2022-12-04,AA197000,50.0,100.0,True,False,1
2022-12-04,AA197053,50.0,100.0,True,False,1
2022-12-04,AA197070,50.0,100.0,True,False,1
2022-12-04,AA197094,42.5925157828283,98.6505523989899,True,False,1
2022-12-04,AA197128,45.4800478341103,99.9284175893551,True,False,1
2022-12-04,AA197135,50.0,100.0,True,False,1
2022-12-04,AA197233,49.5289772727273,99.9885227272727,True,False,1
2022-12-04,AA197331,50.0,100.0,True,False,1
2022-12-04,AA197343,48.218115530303,99.8329166666667,True,False,1
2022-12-04,AA197346,40.0575189393939,98.6053566919192,True,False,1
2022-12-04,AA197348,50.0,100.0,True,False,1
2022-12-04,AA197356,50.0,100.0,True,False,1
2022-12-04,AA197369,42.3567056623932,99.7909941239316,True,False,1
2022-12-04,AA197401,50.0,100.0,True,False,1
2022-12-04,AA197403,41.1314034576535,99.6712274184149,True,False,1
2022-12-04,AA197440,47.4633333333333,95.3132039141414,True,False,1
2022-12-04,AA197490,50.0,100.0,True,False,1
2022-12-04,AA197495,42.295946969697,89.8902367424242,True,False,1
2022-12-04,AA197549,50.0,99.5027184586247,True,False,1
2022-12-04,AA197550,50.0,99.4996199456521,True,False,1
2022-12-04,AA197553,50.0,100.0,True,False,1
2022-12-04,AA197622,50.0,100.0,True,False,1
2022-12-04,AA197644,48.867442687747,99.9782796442688,True,False,1
2022-12-04,AA197648,50.0,100.0,True,False,1
2022-12-04,AA197651,48.7930128205128,99.9800614316239,True,False,1
2022-12-04,AA197668,50.0,93.6596254208754,True,False,1
2022-12-04,AA197698,50.0,100.0,True,False,1
2022-12-04,AA197703,50.0,100.0,True,False,1
2022-12-04,AA197713,50.0,100.0,True,False,1
2022-12-04,AA197738,50.0,100.0,True,False,1
2022-12-04,AA197739,50.0,100.0,True,False,1
2022-12-04,AA197746,50.0,100.0,True,False,1
2022-12-04,AA197765,45.0998585858586,96.6504804292929,True,False,1
2022-12-04,AA197777,50.0,100.0,True,False,1
2022-12-04,AA197784,50.0,100.0,True,False,1
2022-12-04,AA197791,50.0,100.0,True,False,1
2022-12-04,AA197827,50.0,100.0,True,False,1
2022-12-04,AA197873,50.0,100.0,True,False,1
2022-12-04,AA197910,50.0,100.0,True,False,1
2022-12-04,AA197938,50.0,100.0,True,False,1
2022-12-04,AA197976,50.0,100.0,True,False,1
2022-12-04,AA197980,50.0,99.5004924242424,True,False,1
2022-12-04,AA215002,43.1003296356421,99.8160506854257,True,False,1
2022-12-04,AA215014,50.0,68.4497007514544,True,False,1
2022-12-04,AA21501F,50.0,83.9279810606061,True,False,1
2022-12-04,AA215026,48.942972027972,99.9665472027972,True,False,1
2022-12-04,AA21502B,50.0,100.0,True,False,1
2022-12-04,AA21502C,50.0,100.0,True,False,1
2022-12-04,AA215038,50.0,96.685787037037,True,False,1
2022-12-04,AA215044,509.6,91.7848015873016,True,False,1
2022-12-04,AA215057,50.0,84.4036616161616,True,False,1
2022-12-04,AA21606E,50.0,99.4998637057387,True,False,1
2022-12-05,AA180115,50.0,100.0,True,False,1
2022-12-05,AA180121,509.9,98.6784722222222,True,False,1
2022-12-05,AA180132,50.0,100.0,True,False,1
2022-12-05,AA180134,50.0,100.0,True,False,1
2022-12-05,AA180137,50.0,100.0,True,False,1
2022-12-05,AA180159,45.2845441919192,92.939533459596,True,False,1
2022-12-05,AA180164,50.0,100.0,True,False,1
2022-12-05,AA180166,50.0,99.5355505050505,True,False,1
2022-12-05,AA180168,50.0,99.4928724747475,True,False,1
2022-12-05,AA180184,50.0,81.8368682012432,True,False,1
2022-12-05,AA180196,50.0,57.2896455026455,True,False,1
2022-12-05,AA180200,50.0,100.0,True,False,1
2022-12-05,AA180246,50.0,100.0,True,False,1
2022-12-05,AA180247,50.0,100.0,True,False,1
2022-12-05,AA180277,46.6791508838384,99.9127904040404,True,False,1
2022-12-05,AA180281,50.0,100.0,True,False,1
2022-12-05,AA180306,50.0,100.0,True,False,1
2022-12-05,AA180319,50.0,100.0,True,False,1
2022-12-05,AA180332,50.0,100.0,True,False,1
2022-12-05,AA180338,43.5672222222222,96.9498295454545,True,False,1
2022-12-05,AA180369,50.0,100.0,True,False,1
2022-12-05,AA180372,50.0,100.0,True,False,1
2022-12-05,AA180379,50.0,100.0,True,False,1
2022-12-05,AA180389,50.0,100.0,True,False,1
2022-12-05,AA180398,50.0,100.0,True,False,1
2022-12-05,AA180401,50.0,100.0,True,False,1
2022-12-05,AA180402,43.9700441919192,99.9010858585859,True,False,1
2022-12-05,AA180411,50.0,100.0,True,False,1
2022-12-05,AA180453,50.0,100.0,True,False,1
2022-12-05,AA180454,50.0,100.0,True,False,1
2022-12-05,AA180485,50.0,99.4991590909091,True,False,1
2022-12-05,AA180492,41.3249715909091,94.0199564393939,True,False,1
2022-12-05,AA180499,50.0,100.0,True,False,1
2022-12-05,AA180502,50.0,100.0,True,False,1
2022-12-05,AA180503,50.0,100.0,True,False,1
2022-12-05,AA180507,50.0,100.0,True,False,1
2022-12-05,AA180514,50.0,100.0,True,False,1
2022-12-05,AA180522,50.0,100.0,True,False,1
2022-12-05,AA180525,509.4,95.2540277777778,True,False,1
2022-12-05,AA180532,50.0,100.0,True,False,1
2022-12-05,AA180534,50.0,100.0,True,False,1
2022-12-05,AA180543,50.0,100.0,True,False,1
2022-12-05,AA180544,50.0,100.0,True,False,1
2022-12-05,AA180552,50.0,100.0,True,False,1
2022-12-05,AA180559,50.0,100.0,True,False,1
2022-12-05,AA180631,50.0,100.0,True,False,1
2022-12-05,AA180641,50.0,100.0,True,False,1
2022-12-05,AA180663,50.0,100.0,True,False,1
2022-12-05,AA180670,50.0,100.0,True,False,1
2022-12-05,AA180671,50.0,100.0,True,False,1
2022-12-05,AA180678,50.0,100.0,True,False,1
2022-12-05,AA180683,49.4253125,99.8495833333333,True,False,1
2022-12-05,AA180684,50.0,100.0,True,False,1
2022-12-05,AA180709,50.0,100.0,True,False,1
2022-12-05,AA180744,50.0,87.7912683080808,True,False,1
2022-12-05,AA180780,50.0,88.5199488636364,True,False,1
2022-12-05,AA180782,46.3474652777778,99.9278819444445,True,False,1
2022-12-05,AA180792,50.0,100.0,True,False,1
2022-12-05,AA180807,50.0,91.0844728535354,True,False,1
2022-12-05,AA180814,50.0,79.1406537247475,True,False,1
2022-12-05,AA180819,50.0,100.0,True,False,1
2022-12-05,AA180821,50.0,100.0,True,False,1
2022-12-05,AA180831,50.0,66.345779040404,True,False,1
2022-12-05,AA180846,50.0,100.0,True,False,1
2022-12-05,AA180872,50.0,100.0,True,False,1
2022-12-05,AA180899,48.1211458333333,99.9572569444445,True,False,1
2022-12-05,AA180923,42.3221812920875,86.5435135732323,True,False,1
2022-12-05,AA180944,50.0,100.0,True,False,1
2022-12-05,AA180959,305.570972027972,26.7199806859807,True,False,1
2022-12-05,AA180969,50.0,100.0,True,False,1
2022-12-05,AA180986,50.0,100.0,True,False,1
2022-12-05,AA180988,351.395358974359,20.9780384615385,True,False,1
2022-12-05,AA180991,50.0,100.0,True,False,1
2022-12-05,AA181003,50.0,100.0,True,False,1
2022-12-05,AA181021,50.0,98.4266414141414,True,False,1
2022-12-05,AA181033,512.0,98.3990972222222,True,False,1
2022-12-05,AA181038,50.0,100.0,True,False,1
2022-12-05,AA181058,50.0,100.0,True,False,1
2022-12-05,AA181059,50.0,100.0,True,False,1
2022-12-05,AA181079,50.0,100.0,True,False,1
2022-12-05,AA181113,50.0,100.0,True,False,1
2022-12-05,AA181121,49.1947506313131,99.892922979798,True,False,1
2022-12-05,AA181125,50.0,100.0,True,False,1
2022-12-05,AA181135,50.0,100.0,True,False,1
2022-12-05,AA181173,50.0,100.0,True,False,1
2022-12-05,AA181174,50.0,100.0,True,False,1
2022-12-05,AA181185,50.0,100.0,True,False,1
2022-12-05,AA181187,50.0,85.4477619949495,True,False,1
2022-12-05,AA181193,50.0,100.0,True,False,1
2022-12-05,AA181197,50.0,85.9608573232323,True,False,1
2022-12-05,AA181208,50.0,100.0,True,False,1
2022-12-05,AA181210,50.0,99.4799349747475,True,False,1
2022-12-05,AA181212,50.0,100.0,True,False,1
2022-12-05,AA181222,50.0,99.3751325757576,True,False,1
2022-12-05,AA181223,50.0,77.7998894392644,True,False,1
2022-12-05,AA181230,50.0,100.0,True,False,1
2022-12-05,AA181245,50.0,100.0,True,False,1
2022-12-05,AA181268,50.0,73.5212847222222,True,False,1
2022-12-05,AA181270,50.0,100.0,True,False,1
2022-12-05,AA181296,50.0,74.9559955808081,True,False,1
2022-12-05,AA181297,50.0,100.0,True,False,1
2022-12-05,AA181299,50.0,100.0,True,False,1
2022-12-05,AA181321,50.0,100.0,True,False,1
2022-12-05,AA181336,50.0,100.0,True,False,1
2022-12-05,AA181343,50.0,100.0,True,False,1
2022-12-05,AA181353,50.0,79.4045976280664,True,False,1
2022-12-05,AA181362,50.0,100.0,True,False,1
2022-12-05,AA181363,49.795946969697,99.9962878787879,True,False,1
2022-12-05,AA181396,50.0,100.0,True,False,1
2022-12-05,AA181407,50.0,100.0,True,False,1
2022-12-05,AA181409,50.0,100.0,True,False,1
2022-12-05,AA181416,50.0,100.0,True,False,1
2022-12-05,AA181425,50.0,100.0,True,False,1
2022-12-05,AA181437,50.0,100.0,True,False,1
2022-12-05,AA181446,50.0,100.0,True,False,1
2022-12-05,AA181447,50.0,100.0,True,False,1
2022-12-05,AA181454,50.0,95.2789393939394,True,False,1
2022-12-05,AA181461,50.0,100.0,True,False,1
2022-12-05,AA181474,50.0,100.0,True,False,1
2022-12-05,AA181477,50.0,100.0,True,False,1
2022-12-05,AA181478,510.768055555556,98.6358035714286,True,False,1
2022-12-05,AA181479,50.0,100.0,True,False,1
2022-12-05,AA181480,50.0,100.0,True,False,1
2022-12-05,AA181488,50.0,98.6512035742036,True,False,1
2022-12-05,AA181490,50.0,100.0,True,False,1
2022-12-05,AA181499,50.0,100.0,True,False,1
2022-12-05,AA181511,47.7317424693362,99.6226646374459,True,False,1
2022-12-05,AA181530,50.0,100.0,True,False,1
2022-12-05,AA181538,49.9033680555556,99.9986111111111,True,False,1
2022-12-05,AA181550,50.0,100.0,True,False,1
2022-12-05,AA181578,50.0,100.0,True,False,1
2022-12-05,AA181583,42.133125,99.8767708333333,True,False,1
2022-12-05,AA181596,50.0,100.0,True,False,1
2022-12-05,AA181611,50.0,100.0,True,False,1
2022-12-05,AA181622,50.0,100.0,True,False,1
2022-12-05,AA181625,50.0,72.3985963897214,True,False,1
2022-12-05,AA181634,50.0,100.0,True,False,1
2022-12-05,AA181642,47.2621081002331,99.8668310508936,True,False,1
2022-12-05,AA181663,50.0,75.4546558649684,True,False,1
2022-12-05,AA181682,50.0,100.0,True,False,1
2022-12-05,AA181689,50.0,100.0,True,False,1
2022-12-05,AA181708,50.0,100.0,True,False,1
2022-12-05,AA181726,50.0,100.0,True,False,1
2022-12-05,AA181752,48.8682575757576,99.977196969697,True,False,1
2022-12-05,AA181772,50.0,100.0,True,False,1
2022-12-05,AA181804,50.0,100.0,True,False,1
2022-12-05,AA181838,45.5787859848485,97.6345643939394,True,False,1
2022-12-05,AA181894,50.0,100.0,True,False,1
2022-12-05,AA181906,50.0,100.0,True,False,1
2022-12-05,AA181923,50.0,100.0,True,False,1
2022-12-05,AA181946,224.452822420635,91.4496994047619,True,False,1
2022-12-05,AA181951,50.0,74.990481286075,True,False,1
2022-12-05,AA181953,50.0,100.0,True,False,1
2022-12-05,AA181954,511.8,74.9315178571429,True,False,1
2022-12-05,AA181964,50.0,70.7978975468975,True,False,1
2022-12-05,AA181969,50.0,100.0,True,False,1
2022-12-05,AA181987,50.0,72.5757735690236,True,False,1
2022-12-05,AA181993,50.0,74.7352214856902,True,False,1
2022-12-05,AA182008,50.0,95.1701438341751,True,False,1
2022-12-05,AA182011,510.4,74.7930158730159,True,False,1
2022-12-05,AA182014,50.0,94.2376448412698,True,False,1
2022-12-05,AA182040,50.0,78.4214570707071,True,False,1
2022-12-05,AA182045,50.0,100.0,True,False,1
2022-12-05,AA182058,50.0,100.0,True,False,1
2022-12-05,AA182070,50.0,80.0503287198912,True,False,1
2022-12-05,AA182151,50.0,100.0,True,False,1
2022-12-05,AA182152,50.0,100.0,True,False,1
2022-12-05,AA182178,50.0,58.5238358585859,True,False,1
2022-12-05,AA182210,50.0,84.8050512265512,True,False,1
2022-12-05,AA182214,50.0,78.7665621212121,True,False,1
2022-12-05,AA182247,50.0,88.117264520202,True,False,1
2022-12-05,AA182271,44.50875,99.6578472222222,True,False,1
2022-12-05,AA182289,50.0,100.0,True,False,1
2022-12-05,AA182316,50.0,100.0,True,False,1
2022-12-05,AA182382,50.0,100.0,True,False,1
2022-12-05,AA182397,49.4465303030303,99.3636477272727,True,False,1
2022-12-05,AA182409,50.0,100.0,True,False,1
2022-12-05,AA182410,50.0,91.4577664141414,True,False,1
2022-12-05,AA182442,50.0,100.0,True,False,1
2022-12-05,AA182471,50.0,71.4853360690236,True,False,1
2022-12-05,AA182474,50.0,100.0,True,False,1
2022-12-05,AA182491,50.0,79.3657707292707,True,False,1
2022-12-05,AA182493,50.0,100.0,True,False,1
2022-12-05,AA182494,50.0,99.5083263888889,True,False,1
2022-12-05,AA182526,50.0,81.2066666666667,True,False,1
2022-12-05,AA182556,50.0,92.6493903619529,True,False,1
2022-12-05,AA182559,50.0,77.981662037037,True,False,1
2022-12-05,AA182564,50.0,79.0520374579124,True,False,1
2022-12-05,AA182580,378.642857142857,93.6066860119048,True,False,1
2022-12-05,AA182592,50.0,99.4921938131313,True,False,1
2022-12-05,AA182596,50.0,63.9586933922559,True,False,1
2022-12-05,AA182615,49.1348674242424,99.9341761363636,True,False,1
2022-12-05,AA182616,50.0,85.1596798490861,True,False,1
2022-12-05,AA182618,50.0,100.0,True,False,1
2022-12-05,AA182633,50.0,100.0,True,False,1
2022-12-05,AA182634,50.0,95.3096938131313,True,False,1
2022-12-05,AA182638,50.0,100.0,True,False,1
2022-12-05,AA182650,50.0,99.8489892676768,True,False,1
2022-12-05,AA182668,50.0,72.0776603535354,True,False,1
2022-12-05,AA182672,50.0,68.2852798821549,True,False,1
2022-12-05,AA182682,50.0,100.0,True,False,1
2022-12-05,AA182719,42.1490441919192,99.8218661616161,True,False,1
2022-12-05,AA182722,50.0,100.0,True,False,1
2022-12-05,AA182726,50.0,100.0,True,False,1
2022-12-05,AA182731,50.0,100.0,True,False,1
2022-12-05,AA182736,50.0,100.0,True,False,1
2022-12-05,AA182739,50.0,100.0,True,False,1
2022-12-05,AA182747,50.0,99.2923794642857,True,False,1
2022-12-05,AA182767,50.0,99.5007330917874,True,False,1
2022-12-05,AA182779,50.0,100.0,True,False,1
2022-12-05,AA182818,50.0,100.0,True,False,1
2022-12-05,AA182836,50.0,100.0,True,False,1
2022-12-05,AA182849,50.0,100.0,True,False,1
2022-12-05,AA182866,50.0,100.0,True,False,1
2022-12-05,AA182870,50.0,100.0,True,False,1
2022-12-05,AA182876,45.4224526515152,99.8805460858586,True,False,1
2022-12-05,AA182883,43.1266016414141,97.2140132575757,True,False,1
2022-12-05,AA182890,50.0,100.0,True,False,1
2022-12-05,AA182891,50.0,100.0,True,False,1
2022-12-05,AA182902,50.0,100.0,True,False,1
2022-12-05,AA182909,50.0,100.0,True,False,1
2022-12-05,AA182917,50.0,100.0,True,False,1
2022-12-05,AA182918,50.0,100.0,True,False,1
2022-12-05,AA182921,50.0,99.3597615070115,True,False,1
2022-12-05,AA182927,50.0,100.0,True,False,1
2022-12-05,AA182936,50.0,100.0,True,False,1
2022-12-05,AA182958,50.0,100.0,True,False,1
2022-12-05,AA182978,50.0,100.0,True,False,1
2022-12-05,AA182979,50.0,100.0,True,False,1
2022-12-05,AA182983,50.0,100.0,True,False,1
2022-12-05,AA182985,50.0,91.8709816919192,True,False,1
2022-12-05,AA183012,50.0,100.0,True,False,1
2022-12-05,AA183017,50.0,100.0,True,False,1
2022-12-05,AA183022,50.0,100.0,True,False,1
2022-12-05,AA183024,50.0,100.0,True,False,1
2022-12-05,AA183025,50.0,100.0,True,False,1
2022-12-05,AA183026,50.0,100.0,True,False,1
2022-12-05,AA183029,50.0,100.0,True,False,1
2022-12-05,AA183042,50.0,100.0,True,False,1
2022-12-05,AA183055,50.0,99.5052386363636,True,False,1
2022-12-05,AA183056,50.0,100.0,True,False,1
2022-12-05,AA183061,50.0,100.0,True,False,1
2022-12-05,AA183088,50.0,100.0,True,False,1
2022-12-05,AA183103,41.4317222222222,92.1252361111111,True,False,1
2022-12-05,AA183122,50.0,100.0,True,False,1
2022-12-05,AA183123,49.5581060606061,99.9955681818182,True,False,1
2022-12-05,AA183127,50.0,100.0,True,False,1
2022-12-05,AA183128,50.0,100.0,True,False,1
2022-12-05,AA183143,50.0,100.0,True,False,1
2022-12-05,AA183149,50.0,100.0,True,False,1
2022-12-05,AA183167,50.0,100.0,True,False,1
2022-12-05,AA183169,50.0,100.0,True,False,1
2022-12-05,AA183173,50.0,100.0,True,False,1
2022-12-05,AA183184,50.0,100.0,True,False,1
2022-12-05,AA183206,50.0,100.0,True,False,1
2022-12-05,AA183209,49.894,99.9949166666667,True,False,1
2022-12-05,AA183217,50.0,100.0,True,False,1
2022-12-05,AA183219,45.673990530303,99.9047171717172,True,False,1
2022-12-05,AA183237,50.0,100.0,True,False,1
2022-12-05,AA183245,50.0,100.0,True,False,1
2022-12-05,AA183327,50.0,100.0,True,False,1
2022-12-05,AA183332,50.0,100.0,True,False,1
2022-12-05,AA183343,402.929305555556,99.4764186507936,True,False,1
2022-12-05,AA183351,337.249518181818,99.5108076479076,True,False,1
2022-12-05,AA183379,50.0,82.6616590909091,True,False,1
2022-12-05,AA183385,50.0,100.0,True,False,1
2022-12-05,AA183393,50.0,96.9970747053872,True,False,1
2022-12-05,AA183401,50.0,80.4353592171717,True,False,1
2022-12-05,AA183405,50.0,89.3986263678451,True,False,1
2022-12-05,AA183408,50.0,99.5271944444444,True,False,1
2022-12-05,AA183409,41.409288510101,99.8153188131313,True,False,1
2022-12-05,AA183410,50.0,82.370990530303,True,False,1
2022-12-05,AA183413,50.0,100.0,True,False,1
2022-12-05,AA183415,50.0,100.0,True,False,1
2022-12-05,AA183432,50.0,67.2533612567988,True,False,1
2022-12-05,AA183433,50.0,96.0674450757576,True,False,1
2022-12-05,AA183458,50.0,100.0,True,False,1
2022-12-05,AA183471,50.0,67.3484972319347,True,False,1
2022-12-05,AA183473,50.0,100.0,True,False,1
2022-12-05,AA183487,50.0,100.0,True,False,1
2022-12-05,AA183488,50.0,99.9133904521404,True,False,1
2022-12-05,AA183499,50.0,78.1473232323232,True,False,1
2022-12-05,AA183500,50.0,100.0,True,False,1
2022-12-05,AA183511,50.0,100.0,True,False,1
2022-12-05,AA183514,50.0,99.4832663089226,True,False,1
2022-12-05,AA183526,50.0,100.0,True,False,1
2022-12-05,AA183528,50.0,100.0,True,False,1
2022-12-05,AA183546,50.0,100.0,True,False,1
2022-12-05,AA183549,50.0,100.0,True,False,1
2022-12-05,AA183633,50.0,100.0,True,False,1
2022-12-05,AA183641,43.3394021464646,99.7374532828283,True,False,1
2022-12-05,AA183648,50.0,100.0,True,False,1
2022-12-05,AA183650,50.0,100.0,True,False,1
2022-12-05,AA183654,50.0,100.0,True,False,1
2022-12-05,AA183658,50.0,100.0,True,False,1
2022-12-05,AA183659,49.545625,99.9875,True,False,1
2022-12-05,AA183674,50.0,100.0,True,False,1
2022-12-05,AA183733,45.3188657407407,96.612561026936,True,False,1
2022-12-05,AA183737,50.0,100.0,True,False,1
2022-12-05,AA183759,203.444226190476,87.6826785714286,True,False,1
2022-12-05,AA183767,50.0,100.0,True,False,1
2022-12-05,AA183774,50.0,100.0,True,False,1
2022-12-05,AA183779,46.1034356060606,98.0566515151515,True,False,1
2022-12-05,AA183784,50.0,65.7962058080808,True,False,1
2022-12-05,AA183803,50.0,100.0,True,False,1
2022-12-05,AA183808,50.0,100.0,True,False,1
2022-12-05,AA183811,41.5800215698653,99.696072706229,True,False,1
2022-12-05,AA183831,50.0,100.0,True,False,1
2022-12-05,AA183857,50.0,100.0,True,False,1
2022-12-05,AA183864,50.0,68.4181180555556,True,False,1
2022-12-05,AA183896,50.0,71.9573017676768,True,False,1
2022-12-05,AA183906,50.0,100.0,True,False,1
2022-12-05,AA183921,50.0,100.0,True,False,1
2022-12-05,AA183933,50.0,99.497331536519,True,False,1
2022-12-05,AA183952,50.0,83.9970830627706,True,False,1
2022-12-05,AA183954,50.0,100.0,True,False,1
2022-12-05,AA183969,50.0,86.3703099747475,True,False,1
2022-12-05,AA183990,50.0,100.0,True,False,1
2022-12-05,AA184021,50.0,67.9692359006734,True,False,1
2022-12-05,AA184024,50.0,100.0,True,False,1
2022-12-05,AA184030,50.0,69.2041663359788,True,False,1
2022-12-05,AA184073,50.0,72.2026117424242,True,False,1
2022-12-05,AA194126,50.0,100.0,True,False,1
2022-12-05,AA194138,45.286509018759,91.0321387085137,True,False,1
2022-12-05,AA194160,50.0,100.0,True,False,1
2022-12-05,AA194193,50.0,100.0,True,False,1
2022-12-05,AA194214,45.4598705808081,99.898759469697,True,False,1
2022-12-05,AA194216,50.0,100.0,True,False,1
2022-12-05,AA194231,49.8275416666667,99.6640416666667,True,False,1
2022-12-05,AA194237,50.0,100.0,True,False,1
2022-12-05,AA194265,50.0,47.0680151515152,True,False,1
2022-12-05,AA194271,500.376388888889,99.4294642857143,True,False,1
2022-12-05,AA194309,49.7549242424242,99.993446969697,True,False,1
2022-12-05,AA194313,50.0,100.0,True,False,1
2022-12-05,AA194345,50.0,100.0,True,False,1
2022-12-05,AA194370,50.0,100.0,True,False,1
2022-12-05,AA194376,46.0077291666667,99.8652291666667,True,False,1
2022-12-05,AA194386,43.7912041997355,99.9104269179894,True,False,1
2022-12-05,AA194435,50.0,100.0,True,False,1
2022-12-05,AA194460,50.0,100.0,True,False,1
2022-12-05,AA194461,50.0,100.0,True,False,1
2022-12-05,AA194462,50.0,100.0,True,False,1
2022-12-05,AA194490,50.0,100.0,True,False,1
2022-12-05,AA194509,50.0,100.0,True,False,1
2022-12-05,AA194549,50.0,100.0,True,False,1
2022-12-05,AA194575,49.9435606060606,99.9476736111111,True,False,1
2022-12-05,AA194586,50.0,100.0,True,False,1
2022-12-05,AA194612,50.0,100.0,True,False,1
2022-12-05,AA194682,49.552,99.314,True,False,1
2022-12-05,AA194729,50.0,100.0,True,False,1
2022-12-05,AA194779,50.0,100.0,True,False,1
2022-12-05,AA194833,50.0,100.0,True,False,1
2022-12-05,AA194870,50.0,100.0,True,False,1
2022-12-05,AA194941,50.0,100.0,True,False,1
2022-12-05,AA194943,50.0,100.0,True,False,1
2022-12-05,AA194960,50.0,100.0,True,False,1
2022-12-05,AA194974,40.344980963481,99.4671821095571,True,False,1
2022-12-05,AA194995,50.0,100.0,True,False,1
2022-12-05,AA195000,50.0,100.0,True,False,1
2022-12-05,AA195003,50.0,100.0,True,False,1
2022-12-05,AA195048,50.0,100.0,True,False,1
2022-12-05,AA195054,50.0,100.0,True,False,1
2022-12-05,AA195095,50.0,100.0,True,False,1
2022-12-05,AA195128,50.0,100.0,True,False,1
2022-12-05,AA195129,50.0,100.0,True,False,1
2022-12-05,AA195138,49.8192803030303,87.4792171717172,True,False,1
2022-12-05,AA195144,50.0,100.0,True,False,1
2022-12-05,AA195174,46.168005952381,93.6032688492064,True,False,1
2022-12-05,AA195219,50.0,100.0,True,False,1
2022-12-05,AA195238,50.0,100.0,True,False,1
2022-12-05,AA195252,50.0,100.0,True,False,1
2022-12-05,AA195273,50.0,100.0,True,False,1
2022-12-05,AA195283,50.0,100.0,True,False,1
2022-12-05,AA195285,50.0,100.0,True,False,1
2022-12-05,AA195290,50.0,73.8643402777778,True,False,1
2022-12-05,AA195312,510.1,73.7460317460317,True,False,1
2022-12-05,AA195324,50.0,100.0,True,False,1
2022-12-05,AA195333,50.0,100.0,True,False,1
2022-12-05,AA195354,44.7062963772339,99.8369497863248,True,False,1
2022-12-05,AA195365,50.0,100.0,True,False,1
2022-12-05,AA195377,50.0,100.0,True,False,1
2022-12-05,AA195406,50.0,100.0,True,False,1
2022-12-05,AA195446,48.7881534090909,99.9580176767677,True,False,1
2022-12-05,AA195457,50.0,100.0,True,False,1
2022-12-05,AA195502,50.0,74.0160101010101,True,False,1
2022-12-05,AA195550,50.0,100.0,True,False,1
2022-12-05,AA195553,49.2499545940171,99.9775235042735,True,False,1
2022-12-05,AA195558,43.3290612373737,99.8612702020202,True,False,1
2022-12-05,AA195565,50.0,100.0,True,False,1
2022-12-05,AA195617,50.0,100.0,True,False,1
2022-12-05,AA195634,50.0,100.0,True,False,1
2022-12-05,AA195636,50.0,100.0,True,False,1
2022-12-05,AA195661,50.0,100.0,True,False,1
2022-12-05,AA195676,50.0,100.0,True,False,1
2022-12-05,AA195695,50.0,64.5859722222222,True,False,1
2022-12-05,AA195696,50.0,100.0,True,False,1
2022-12-05,AA195702,49.2151041666667,99.9793803418803,True,False,1
2022-12-05,AA195740,50.0,100.0,True,False,1
2022-12-05,AA195742,50.0,100.0,True,False,1
2022-12-05,AA195764,50.0,100.0,True,False,1
2022-12-05,AA195765,50.0,100.0,True,False,1
2022-12-05,AA195767,50.0,100.0,True,False,1
2022-12-05,AA195773,50.0,100.0,True,False,1
2022-12-05,AA195775,50.0,100.0,True,False,1
2022-12-05,AA195820,50.0,100.0,True,False,1
2022-12-05,AA195859,50.0,100.0,True,False,1
2022-12-05,AA195875,47.9605208333333,98.1413541666667,True,False,1
2022-12-05,AA195909,50.0,100.0,True,False,1
2022-12-05,AA195912,50.0,100.0,True,False,1
2022-12-05,AA195968,50.0,100.0,True,False,1
2022-12-05,AA195970,50.0,100.0,True,False,1
2022-12-05,AA195977,50.0,100.0,True,False,1
2022-12-05,AA196081,50.0,100.0,True,False,1
2022-12-05,AA196094,50.0,100.0,True,False,1
2022-12-05,AA196127,50.0,100.0,True,False,1
2022-12-05,AA196132,50.0,100.0,True,False,1
2022-12-05,AA196272,50.0,100.0,True,False,1
2022-12-05,AA196287,50.0,100.0,True,False,1
2022-12-05,AA196323,50.0,100.0,True,False,1
2022-12-05,AA196374,47.6308964646465,97.7095233585859,True,False,1
2022-12-05,AA196377,50.0,100.0,True,False,1
2022-12-05,AA196393,50.0,100.0,True,False,1
2022-12-05,AA196395,50.0,100.0,True,False,1
2022-12-05,AA196409,50.0,100.0,True,False,1
2022-12-05,AA196423,50.0,100.0,True,False,1
2022-12-05,AA196433,50.0,100.0,True,False,1
2022-12-05,AA196447,50.0,100.0,True,False,1
2022-12-05,AA196495,50.0,100.0,True,False,1
2022-12-05,AA196517,45.5094604700855,99.8712099358974,True,False,1
2022-12-05,AA196575,49.4906218434343,99.9879797979798,True,False,1
2022-12-05,AA196589,43.1971486499612,99.8793961247086,True,False,1
2022-12-05,AA196721,50.0,62.6109460470086,True,False,1
2022-12-05,AA196756,50.0,100.0,True,False,1
2022-12-05,AA196780,50.0,100.0,True,False,1
2022-12-05,AA196881,48.9502056623932,99.9830555555556,True,False,1
2022-12-05,AA196919,43.4218762140637,94.0381762334887,True,False,1
2022-12-05,AA196925,507.1,99.5083333333333,True,False,1
2022-12-05,AA196950,47.3690144230769,99.5598878205128,True,False,1
2022-12-05,AA196951,49.8946212121212,99.997803030303,True,False,1
2022-12-05,AA196957,50.0,100.0,True,False,1
2022-12-05,AA196963,49.7051900252525,98.8829526515152,True,False,1
2022-12-05,AA197000,50.0,100.0,True,False,1
2022-12-05,AA197053,50.0,100.0,True,False,1
2022-12-05,AA197070,50.0,100.0,True,False,1
2022-12-05,AA197094,42.393841540404,98.5495801767677,True,False,1
2022-12-05,AA197135,50.0,100.0,True,False,1
2022-12-05,AA197233,49.8713636363636,99.9949242424242,True,False,1
2022-12-05,AA197271,40.5906904900655,93.242383033633,True,False,1
2022-12-05,AA197331,50.0,100.0,True,False,1
2022-12-05,AA197343,50.0,100.0,True,False,1
2022-12-05,AA197346,42.867913510101,99.1119981060606,True,False,1
2022-12-05,AA197348,50.0,100.0,True,False,1
2022-12-05,AA197356,50.0,100.0,True,False,1
2022-12-05,AA197369,40.7162137515263,99.7744883241758,True,False,1
2022-12-05,AA197381,43.6956064814815,99.9010496632997,True,False,1
2022-12-05,AA197401,50.0,100.0,True,False,1
2022-12-05,AA197403,40.3569480866356,99.2516979895105,True,False,1
2022-12-05,AA197440,47.9698547979798,96.3057070707071,True,False,1
2022-12-05,AA197490,50.0,100.0,True,False,1
2022-12-05,AA197495,45.195033459596,91.9643857323232,True,False,1
2022-12-05,AA197549,50.0,99.5064951749639,True,False,1
2022-12-05,AA197550,50.0,99.4991392671656,True,False,1
2022-12-05,AA197553,50.0,100.0,True,False,1
2022-12-05,AA197622,50.0,100.0,True,False,1
2022-12-05,AA197644,45.7122101449275,99.920231884058,True,False,1
2022-12-05,AA197648,50.0,100.0,True,False,1
2022-12-05,AA197668,50.0,93.0355509259259,True,False,1
2022-12-05,AA197698,50.0,100.0,True,False,1
2022-12-05,AA197703,50.0,100.0,True,False,1
2022-12-05,AA197713,50.0,100.0,True,False,1
2022-12-05,AA197738,50.0,100.0,True,False,1
2022-12-05,AA197739,50.0,100.0,True,False,1
2022-12-05,AA197746,50.0,100.0,True,False,1
2022-12-05,AA197777,50.0,100.0,True,False,1
2022-12-05,AA197784,50.0,100.0,True,False,1
2022-12-05,AA197791,50.0,100.0,True,False,1
2022-12-05,AA197813,44.9083743686869,99.5705334595959,True,False,1
2022-12-05,AA197824,46.3897443181818,93.0525284090909,True,False,1
2022-12-05,AA197827,50.0,100.0,True,False,1
2022-12-05,AA197873,50.0,100.0,True,False,1
2022-12-05,AA197910,50.0,100.0,True,False,1
2022-12-05,AA197938,50.0,100.0,True,False,1
2022-12-05,AA197976,50.0,100.0,True,False,1
2022-12-05,AA197980,50.0,99.5134154040404,True,False,1
2022-12-05,AA215014,50.0,66.9001004204129,True,False,1
2022-12-05,AA21501F,50.0,79.2355776515152,True,False,1
2022-12-05,AA215026,50.0,100.0,True,False,1
2022-12-05,AA21502B,50.0,100.0,True,False,1
2022-12-05,AA21502C,50.0,100.0,True,False,1
2022-12-05,AA215038,50.0,93.0785512265512,True,False,1
2022-12-05,AA215044,509.6,91.0786408730159,True,False,1
2022-12-05,AA215057,50.0,83.8647569444444,True,False,1
2022-12-05,AA21606E,50.0,99.5427004922161,True,False,1
2022-12-06,AA180121,151.85,87.3666666666667,True,False,1
2022-12-06,AA180525,151.725,83.54,True,False,1
2022-12-06,AA180959,237.954047619048,17.4195833333333,True,False,1
2022-12-06,AA180988,231.394333333333,33.8757083333333,True,False,1
2022-12-06,AA181033,350.991666666667,99.4808333333333,True,False,1
2022-12-06,AA181478,155.26,87.7903333333333,True,False,1
2022-12-06,AA181946,126.912116666667,85.2471333333333,True,False,1
2022-12-06,AA181954,152.325,65.6061666666667,True,False,1
2022-12-06,AA182011,156.754,62.0110952380952,True,False,1
2022-12-06,AA182580,159.83125,91.7460888888889,True,False,1
2022-12-06,AA183343,162.496666666667,99.4908333333333,True,False,1
2022-12-06,AA183759,102.734166666667,81.7825,True,False,1
2022-12-06,AA194271,151.096666666667,98.2164761904762,True,False,1
2022-12-06,AA194370,41.0,99.5,True,False,1
2022-12-06,AA195312,151.9,53.7271666666667,True,False,1
2022-12-06,AA196925,151.15,98.3006666666667,True,False,1
2022-12-06,AA197767,60.104708994709,91.2059894179894,True,False,1
2022-12-06,AA197976,41.0833333333333,99.5,True,False,1
2022-12-06,AA215044,155.182857142857,84.1390238095238,True,False,1
