,price
672,5590000
1864,22506000
2601,35220000
1746,11200000
2194,26150000
5345,3560000
1236,3500000
294,7500000
533,6150000
6056,11900000
1039,6500000
445,7090000
615,6500000
7135,9900000
5400,3820000
6515,4390000
895,13390000
4147,8000000
4493,2050000
62,9200000
5420,5100000
5811,40500000
5683,6200000
5115,1490000
6796,4950000
108,11800000
538,14214000
7566,4915000
4981,8455000
2065,7500000
2534,9500000
7108,24500000
2701,18710000
2827,5390000
5424,14000000
801,6800000
329,9800000
331,6500000
6018,38000000
2111,7800000
5024,5300000
7024,11200000
6609,3800000
5490,4691650
5483,4090000
1469,6150000
3586,18300000
4878,1490000
356,6300000
6025,43000000
2296,8900000
1444,28000000
5611,6290000
6067,6900000
1611,10245000
5599,4338400
2109,60000000
741,4400000
5299,4638090
2191,13000000
3145,3700000
725,7200000
2216,95000000
5040,2200000
6255,10500000
2136,6500000
5691,4500000
5306,4990000
4461,2290000
7140,5500000
5425,12150000
676,5000000
5334,6900000
3922,21900000
1463,17500000
6817,15000000
2495,43400000
1072,18860000
7682,43638000
3543,11700000
5056,3400000
1095,4990000
7176,7000000
2341,27900000
7481,2890000
3402,13340000
3434,23488000
1400,88545810
2555,101362710
54,7000000
1507,54000000
94,15400000
5020,5450000
1409,80000000
2824,9890000
3681,18000000
4938,3050000
1593,15999000
6788,15000000
1128,3400000
6904,7000000
1603,15990000
1476,99000000
5736,4990000
6487,12750000
7136,4900000
5845,4300000
2349,58000000
4649,16050000
5605,17500000
5394,5885000
5126,3690000
4902,12202800
5418,8050000
6180,5600000
3219,5650000
6743,4500000
357,4350000
1458,52000000
2293,18800000
5136,2790000
4039,15900000
4963,11000000
249,3278379
1011,11400000
3820,25000000
6234,5500000
447,8820000
4496,2950000
2465,30000000
7470,4950000
2076,11900000
2651,66680000
1704,24060000
4648,2800000
7037,15900000
751,4200000
6310,12945000
2789,3860000
513,5590000
629,8140000
4621,1300000
1335,2450000
3475,63000
3322,14390000
888,14500000
6761,5190000
1330,2100000
6762,7500000
5630,45000000
2437,3290000
955,9268970
5342,6500000
3580,24560000
1930,6398000
2144,38000000
6948,26300000
1847,8890000
588,3400000
5988,17350000
1497,22700000
6601,5000000
6242,7725000
5940,18700000
624,9400000
992,7242000
3563,7462250
2628,83029115
4947,3400000
1616,58900000
887,18800000
1438,17200000
7657,3500000
352,6800000
1633,4830000
4505,2950000
826,13500000
5663,2150000
3480,6900000
2911,5500000
6527,7900000
905,6900000
7089,15500000
4356,15500000
2842,14738928
6504,27900000
1294,2990000
6733,3700000
7670,2990000
767,5600000
7019,4950000
5861,16500000
2179,23000000
6191,24000000
6148,39800000
2994,4500000
5022,3200000
1890,6050000
280,13800000
6199,34750000
4851,2390000
2560,4650000
40,8400000
3644,54000000
7128,4750000
1952,5200000
1157,2840000
337,8600000
7114,16950000
922,20589700
628,3890000
4397,11300000
6607,11400000
3083,5100000
3620,5300000
5187,8350000
7269,12385200
6682,15650000
1048,28500000
4562,3000000
6222,2400000
844,27820000
123,19500
2777,5139000
1763,36400000
4599,1400000
5317,5900000
5589,16500000
1389,3600000
2690,12800000
5023,3550000
6623,16000000
5261,8560000
5834,13900000
3619,22000000
5760,3990000
7046,8900000
1104,5480000
5273,40000000
3738,13900000
5535,23900000
5729,10090000
1457,11800000
1606,13400000
2161,4280000
5973,29000000
639,3900000
3103,6790000
5586,18500000
7706,5800000
585,16190000
1535,8500000
959,23500000
6649,3850000
757,10720000
2021,14935000
3942,10000000
4101,16950000
2397,3490000
2514,32000000
6188,16900000
4360,109000000
6139,8200000
5231,2678000
4906,4100000
577,10000000
6612,10000000
4719,2100000
5915,3550000
4692,3300000
2958,3050000
6331,7500000
5839,28500000
6326,17565000
100,8000000
5139,4900000
3398,25000000
6565,4100000
5804,19000000
3597,90000000
1218,3390000
6977,29000000
2113,12000000
1694,48964135
1801,8900000
7090,4815000
4957,1600000
213,7990000
5113,2590000
5531,6200000
4752,1800000
4688,6350000
6961,17000000
2120,8800000
5929,2450000
4894,6000000
1057,49920000
1298,6300000
2641,18970000
4237,11500000
2880,4100000
6815,5400000
5290,5500000
2270,15000000
7455,4160790
2275,2890000
4633,30000000
3207,3400000
5868,30900000
382,13900000
5240,3890000
5121,2990000
6720,5800000
6304,12800000
5780,5290000
3417,6999000
5897,5500000
882,24000000
7178,13900000
5947,10300000
223,5950000
3957,12222300
5236,16000000
5844,4700000
5226,3270000
6578,26000000
2800,2900000
3194,3950000
208,4670000
3005,1390000
1433,59000000
1058,25240000
6475,13000000
5185,3800000
2409,29000000
1413,7300000
4954,2390000
4537,1790000
1996,92982730
6162,3290000
6704,5650000
1003,15500000
5808,6050000
6677,4550000
6107,40000000
1937,5856000
3506,24000000
3531,16200000
5696,13500000
5536,14000000
2324,3000000
4785,3300000
2809,5300000
4448,3200000
5583,5000000
2485,19500000
57,3390000
1410,81000000
6081,42000000
5298,2480000
6484,13900000
942,6695000
6672,6001000
1726,92784124
6684,10900000
681,6000000
5642,5800000
6104,17500000
2051,8990000
2912,2800000
6214,13736264
1739,5490000
5559,11500000
6276,17000000
3200,2300000
1949,85021688
6832,15000000
4875,5600000
2564,10700000
4842,4734000
1354,5300000
2836,3400000
205,8160000
5309,10500000
539,7550000
3499,4650000
2666,3590000
6562,10000000
6176,14900000
1508,7000000
1340,5900000
6726,5350000
5469,13500000
1131,3390000
7156,4500000
6054,33000000
3479,25500000
5215,10600000
6536,15500000
5791,10700000
3485,11000000
949,37600000
1445,7000000
6407,17500000
5447,2490000
6068,42000000
4854,6290000
1415,85000000
4544,7800000
16,3653634
6088,4900000
2068,9500000
3376,4590000
4561,1850000
7264,2300000
805,6800000
4637,3800000
1114,4680000
1983,7500000
7143,7300000
1842,22100000
2150,27000000
192,9600000
2323,8880000
477,7670000
7650,8300000
501,6590000
1322,5700000
6186,8000000
1180,4070000
2692,14500000
1428,12000000
3481,16000000
4393,27900000
3121,3590000
3317,10999000
1867,30760000
2002,12000000
110,10800000
2004,6200000
3337,4800000
2135,5950000
1514,10700000
3430,60000000
1033,16153696
1229,5759000
5970,4800000
4744,1190000
4432,2400000
237,14500000
1306,5700000
3077,4390000
2164,3890000
7053,11800000
6553,18200000
1626,13899000
5866,5300000
5792,6750000
5435,51000000
3733,12900000
5671,9900000
985,5500000
1098,3600000
2502,3300000
461,6500000
466,6450000
2505,56000000
1628,14500000
12,12000000
2413,8500000
1446,10500000
626,6500000
5078,2850000
4746,5700000
4053,13500000
6181,5900000
4822,2400000
6282,2500000
4994,1750000
1074,2900000
884,59000000
1455,40000000
2060,7520000
2411,8900000
7105,15500000
7572,3700000
839,11350000
7571,6200000
6431,9700000
6374,4850000
1274,3620000
5907,4690000
2054,23750000
6446,12000000
1802,8200000
911,16500000
104,8000000
1854,5500000
1771,18000000
1402,7000000
4521,12800000
2283,18900000
4996,12500000
2645,6300000
1326,5050000
6411,2890000
3910,78000000
537,6600000
2406,11700000
4801,3069600
2478,14130000
2316,75000000
6203,18500000
5894,10300000
5009,7900
5948,5000000
5577,5700000
5120,3400000
3392,5650000
2348,9500000
4778,1800000
2805,4500000
5993,8100000
4375,18900000
2720,16900000
160,11200000
4603,3950000
6144,1650000
3059,6590000
6954,19800000
2888,4300000
1189,3500000
226,8830000
7093,8500000
7671,5562000
717,4550000
3637,23000000
2157,9800000
2168,13500000
6444,43000000
4634,4200000
1304,7900000
166,3767165
4543,3100000
6353,17370000
5624,3450000
4855,1890000
406,7800000
5911,3490000
5497,11500000
5657,4400000
5960,34000000
6935,21400000
1679,8100000
3092,1450000
4046,15533980
1047,58800000
4268,98945000
1200,3950000
4594,2690000
1558,17500000
2464,13000000
7533,5200000
6010,2950000
1495,9000000
3035,2090000
3299,1350000
2935,1600000
5234,4790000
4856,2890000
6159,2850000
2193,12300000
5200,3990000
7558,5300000
1797,110000000
37,29000000
1358,3150000
933,90000000
3780,49900000
5598,4900000
3327,2680000
4922,2890000
3011,4900000
3886,22000000
2540,92224893
1242,3990000
6383,25000000
330,2290000
11,13500000
6469,22000000
2291,24450000
17,7500000
5547,45000
2202,3552610
2582,3300000
5410,20500000
7400,12000000
4960,1990000
4463,2980000
7160,40000000
3119,1960000
2734,21500000
6653,8230000
1368,2600000
3789,65000000
1286,4600000
604,3590000
19,4800000
848,65000000
1454,6920000
3107,4790000
6569,8500000
3512,68000000
4110,19500000
816,14500000
5049,2490000
4071,38000
7552,3750000
6834,7200000
2878,4600000
3538,6800000
7023,17000000
7336,11300000
512,14950000
5151,9000000
5368,7900000
3072,11890000
2616,4500000
4490,2450000
2312,3850000
1148,4650000
2294,12600000
5639,20085000
7613,4050000
3136,2100000
998,12000000
3494,16500000
3954,40000000
4799,1970000
2268,9900000
7066,3800000
2360,11550000
5492,11000000
1283,8990000
332,7450000
2122,11110000
86,5900000
3583,14800000
1731,105000000
1807,23300000
90,10500000
4953,4480000
5648,13200000
6432,7500000
5011,22000000
497,12900000
7398,4500000
158,8420000
5122,4500000
3702,8780000
7191,8200000
7704,5350000
1922,12260000
5609,2900000
2233,17900000
6445,14900000
1097,4800000
234,8490000
5359,7600000
6887,51000000
6676,18500000
2449,42000000
6634,4500000
5872,5500000
6545,12899000
7271,2490000
6140,63000000
963,12720000
1320,5200000
815,7400000
3,9900000
235,8500000
1549,11500000
1479,7790000
5348,6200000
2796,5990000
4975,1500000
2427,22900000
1056,6510000
6705,17900000
6387,9400000
1017,14880000
6246,2790000
4399,10701000
1168,4610000
6962,8300000
7227,8500000
5260,5690000
4809,30000000
7436,20187100
1471,7480000
5745,4750000
671,3662793
6990,14000000
973,7790000
1620,10900000
3228,9330000
6389,4900000
4800,15000000
2084,15200000
6951,7880000
2899,4650000
1012,32960000
5563,10200000
5793,8500000
1092,3200000
5668,14000000
6045,12640000
5258,11000000
3223,4120000
4595,6000000
1974,11500000
3343,2390000
5943,39900000
405,6330000
1708,10100000
275,4900000
3220,7980000
3256,2500000
574,3090000
3892,22000000
1699,8200000
5495,19500000
6141,2360000
1806,13500000
3193,1550000
1108,1800000
4445,3650000
2483,2790000
5061,3100000
5263,13500000
2574,5800000
902,13390000
3552,22000000
6134,87850000
5975,3100000
743,13880000
871,3700000
5817,5990000
7628,3500000
2206,6500000
1234,2600000
4760,3790000
4480,5100000
2039,14000000
6170,2220000
3755,14500000
950,24000000
1838,29000000
1743,9700000
4636,2200000
1393,3550000
3587,11900000
6661,8700000
1629,6200000
5464,14900000
6000,33500000
196,5300000
3919,22000000
4506,2100000
6110,5400000
1465,13900000
4713,4800000
695,6590000
2719,4750000
4910,22000000
371,6000000
6685,8455000
6426,35000000
6812,6000000
1181,3250000
1073,26780000
6118,17939000
818,6000000
13,6490000
6480,4350000
6223,17345000
5841,12800000
6842,20000000
2392,6900000
6919,21000000
133,21200000
875,15900000
3565,13800000
6974,22000000
697,13900000
2752,25560000
6738,23000000
5217,5655000
4306,67900000
7054,3800000
651,4435246
4283,10300000
4459,2690000
1083,13380000
6078,5850000
3897,9500000
620,6790000
6529,6025000
2369,36000000
2398,16500000
3264,4790000
2030,24500000
456,10500000
368,3400000
6559,7900000
1351,5550000
1050,3550000
6760,3700000
3519,14250000
2455,5200000
4302,11500000
2130,19500000
193,7290000
941,11227000
7692,4890000
6940,5000000
261,12200000
6552,16000000
4294,33300000
7462,4350000
2851,3990000
4642,2350000
1929,24000000
3553,70000000
1090,6900000
487,7300000
3049,3500000
6482,14000000
803,9900000
7479,2490000
899,18500000
4106,16700000
1422,16250000
5146,6950000
6114,27900000
939,78000000
1798,33800000
5007,2150000
5815,4200000
3450,16100000
5444,2890000
343,11900000
1176,1900000
5434,4600000
2214,23000000
4037,11500000
3015,8500000
4522,3700000
7616,5900000
4425,1390000
970,16000000
2290,7390000
5305,8000000
313,6000000
1307,5650000
4913,3190000
3016,4960000
5360,5700000
3084,1900000
3568,28500000
3453,16500000
750,10500000
6691,27000000
4280,90000000
5665,34880000
6328,25000000
6206,44800000
837,4500000
1065,25219200
6421,6750000
4482,2480000
6645,9000000
2239,7990000
6932,8190000
6792,33000000
1657,106000000
1501,8790000
1687,16000000
1676,11000000
2390,9200000
6774,14000000
323,9400000
2330,2700000
4814,1290000
338,5900000
4725,16050000
1751,40690000
5645,8990000
6763,21000000
1561,23000000
32,3705239
3089,2850000
6952,4500000
3374,1390000
5876,4960000
2815,7200000
1498,15000000
6717,39500000
5441,23500000
1536,10750000
701,10800000
1062,16274000
1391,1850000
1196,3490000
2497,41
2174,3680000
2515,46280000
4791,12900000
984,25000000
1681,40600000
6296,5985000
5977,78685750
1195,5850000
4006,49000000
5311,11900000
2234,5999000
4465,2150000
819,7900000
2955,2850000
1598,19900000
1487,7100000
2576,27810000
7636,5400000
4169,10321000
5969,4190000
791,7000000
2691,50880000
83,6698000
6313,2250000
2900,1850000
128,15300000
4479,1600000
1491,7000000
2313,3800000
1950,11000000
6905,12000
3146,7860000
5998,13250000
5005,1690000
543,5400000
1612,15500000
5694,4400000
2386,5500000
1359,4630000
111,5188809
495,7800000
3648,16000000
7654,5380000
5254,2899000
693,5200000
3279,6320000
5247,2160000
5408,11700000
2726,29500000
3997,30000000
3113,11122000
6939,2750000
4510,3700000
1492,8900000
790,5665000
2155,107400000
3098,2090000
4980,2190000
3056,4770000
4945,2490000
2027,8200000
5296,7000000
2448,8800000
4885,2199000
107,2980000
4471,6590000
4489,3400000
120,7430000
374,7000000
5534,10900000
5225,4800000
3102,2990725
920,15200000
947,9900000
5344,3900000
5196,5200000
6506,12900000
5283,2000000
2778,4300000
6571,2900000
5491,13500000
6061,20900000
4243,7500000
6574,13000000
4553,3200000
2607,24750000
2675,3500000
1589,60000000
2811,4750000
6084,10690000
2074,8700000
2152,90000000
6664,4300000
2493,92790000
6021,12500000
2471,7107000
6460,7300000
4706,2350000
6335,31000000
55,10200000
6751,21000000
4860,2500000
3923,18490000
4658,1700000
3759,6900000
1811,11500000
1383,3290000
3109,7600000
6897,3990000
2143,24650000
499,4990000
5268,1650000
7095,4900000
7219,5350000
7528,10747000
1904,14500000
3391,28500000
710,6790000
2883,4690000
1481,12000000
4162,9500000
189,7900000
5549,2000000
7700,9420000
1537,5960000
6880,51000000
2727,26000000
1896,12500000
4264,8240000
7589,7900000
1576,14995000
3546,13500000
6899,16990000
5601,6590000
3171,7790000
2630,92000000
241,5000000
3451,13340000
6925,10000000
3260,1950000
4863,3490000
5710,5200000
4428,3308800
3605,12980000
4828,3150000
1504,9390000
2038,16310000
484,15200000
5626,2200000
7100,11990000
3284,8000000
2261,6300000
3178,5700000
430,4624442
1783,92982730
6955,9400000
2939,3745000
1002,23500000
1184,3750000
6478,2690000
6500,3000000
2537,3750000
450,8434670
2400,21000000
4547,2350000
1496,10060000
6525,9120000
7234,4110000
4167,11500000
6538,5400000
556,5390000
869,6643500
1945,24990890
1640,10000000
6299,20200000
4869,3550000
1477,16900000
1632,16240000
176,11500000
3560,14690000
2117,9449220
6286,16600000
7691,8340000
6764,8100000
1608,17500000
6709,23700000
1493,8570000
5346,11200000
4949,6014000
1721,59000000
660,8600000
2376,4250000
958,22610000
6734,24570000
2034,18500000
6816,12300000
6632,45000000
5979,43000000
3218,3200000
6341,5450000
64,3675000
3127,5376957
5055,1390000
648,9500000
5246,4500000
6116,3400000
221,5531815
2747,4400000
6451,16800000
5352,7800000
3717,22990000
6468,19000000
6843,12000000
5883,16590000
2260,4000000
3735,11279000
2879,3200000
475,5800000
6182,6290000
2131,6100000
4803,4200000
272,10800000
5513,2450000
1586,21000000
718,18900000
865,13500000
6237,5900000
2996,2650000
3585,22000000
6259,11390000
2424,77358455
4846,6000000
7554,6300000
1349,4260000
1,3300000
2557,28500000
5818,7800000
1841,12000000
2740,17100000
5757,3700000
5746,5500000
5208,3590000
1158,4187200
586,12890000
5509,14990000
4625,2900000
928,25000000
1880,13900000
1060,9000000
7077,7500000
6953,17000000
1486,7470000
1175,3150000
3017,1500000
5548,3300000
2295,80000000
3212,7200000
1253,2450000
4681,4290000
3890,39000000
5660,17000
1388,4600000
3988,34000
5865,4990000
6575,6210000
6958,8500000
1480,16307180
5454,5300000
2310,22230000
7457,5280000
3267,6040000
1804,18200000
1289,3100000
2338,14200000
408,9880000
7712,49456400
3000,15000000
6644,12500000
4325,57500000
1601,10500000
3966,8400000
5430,4800000
3488,32000000
2674,3590000
2073,10290000
642,4221289
296,3450000
6455,6500000
2944,3080000
1042,6100000
3516,12000000
2513,12500000
4769,2450000
6055,8300000
3684,25000000
5612,10500000
2429,3650000
685,4270000
1627,110000000
504,4681606
5670,6900000
1863,16800000
2432,4500000
1756,21000000
353,3500000
1371,3000000
6820,9500000
6648,29500000
5043,1700000
900,35500000
6625,17850000
92,5490000
5553,11270000
7454,9880000
5890,1990000
5853,10900000
842,7000000
2606,8700000
7047,4200000
2461,12000000
5468,14500000
2545,66120000
6936,20500000
6875,17700000
3497,19900000
6143,28000000
742,3300000
1865,27230000
5428,10000000
4536,2400000
5463,46000000
5703,5390000
4899,2350000
4487,11500000
5392,3000000
6437,10500000
2945,3500000
1590,4450000
2667,22000000
3471,22000000
3095,1650000
6752,5470000
7181,17990000
443,6300000
7694,4000000
4266,29700000
2383,6390000
3725,24000000
5742,17500000
1068,4740000
5253,4600000
6043,29355000
7075,9500000
1825,40000000
1183,3450000
4920,8455000
3564,15200000
4654,4150000
5692,5300000
2768,1400000
5099,1900000
7351,4590000
3253,8790000
662,12000000
602,4656000
4698,2000000
1134,3200000
5571,13400000
4880,4200000
6381,2600000
3090,7660000
5132,1900000
2966,3250000
1954,6984000
2857,16500000
5713,4500000
2024,8500000
6030,2590000
3683,30000000
1035,6180000
2890,3990000
1753,15930000
833,7004000
5927,4330000
5201,3150000
2094,7045000
519,6592000
2936,2800000
5813,14500000
2244,3770000
3334,4990000
1419,9990000
298,7210000
2772,2200000
2844,2250000
4671,15000000
1760,16500000
93,4724953
7011,4300000
5717,17500000
5537,2270000
5155,3900000
2204,39900000
907,7725000
4486,6900000
284,8500000
5603,12250000
3731,29500000
2052,8900000
4984,7000000
7083,7200000
2070,5500000
5116,3150000
2603,74790380
4476,3150000
909,12000000
6254,10000000
990,30800000
5635,6480000
2181,17350000
6,10400000
1116,4130000
5687,16000000
3366,8000000
4483,5050000
5413,4500000
229,15330000
1588,5500000
2543,3050000
449,4900000
3174,6990000
6786,12300000
1096,3500000
1416,8710000
1921,6290000
4220,28500000
631,24800000
5886,4490000
3686,38625000
7113,5390000
7004,9700000
1396,2690000
6554,5290000
3662,43770000
1951,14220000
5329,12950000
814,9000000
1366,4200000
2205,45000000
2785,4500000
5416,4770000
6298,3370000
3907,16177000
2973,1600000
2231,22270000
2041,102013714
2856,3090000
6321,9800000
479,8200000
593,5700000
766,6000000
4367,14000000
1912,16500000
1591,7500000
4925,3000000
407,12900000
2417,26800000
6197,19800000
696,2850000
861,18500000
2228,74800000
1198,1890000
1088,2480000
3287,1600000
25,4900000
1917,58270180
2905,4850000
2624,4590000
7578,2500000
6718,3300000
7170,7900000
1909,14500000
5051,3290000
5958,2400000
2077,8200000
4516,2390000
821,10200000
6994,9900000
5498,13000000
6169,4500000
7137,19000000
6386,5500000
1208,4990000
203,8500000
5991,7900000
2196,11750000
2107,18700000
4295,11100000
5570,12500000
3290,9200000
5829,8950000
6997,6100000
6497,32000000
838,5960000
2496,2900000
140,6500000
1988,16400000
346,4200000
265,3100000
36,9290000
759,4200000
6034,16000000
7279,8100000
4535,2900000
386,2850000
3634,6500000
7026,3900000
5544,4630000
2843,1390000
4020,18000000
4833,4000000
2808,2700000
309,8400000
1129,2990000
6427,4000000
5928,15000000
5473,6990000
4498,2000000
372,8150000
6498,6200000
1634,25090000
3034,2800000
5191,12690000
775,7500000
1005,13900000
498,5800000
7611,5200000
4758,5900000
277,3756844
7540,7100000
2947,6000000
3544,58000000
6317,9100000
6742,7575000
749,14300000
7707,6050000
5716,2900000
3513,7850000
5526,7900000
130,4600000
5614,2390000
6047,7500000
5980,24000000
5739,6390000
4901,4500000
507,6400000
89,17000000
1709,13140000
2114,16390000
4715,4500000
359,18500
2367,62000000
1276,2500000
7232,7700000
5686,13000000
3432,9000000
2055,48964135
411,4550000
4449,2000000
3482,4300000
7672,4300000
1102,4000000
4868,3300000
1915,7590000
1154,2300000
4585,5000000
6216,12000000
2149,15500000
6647,5990000
3651,6200000
434,5500000
6252,14300000
1460,16200000
4976,4590000
2209,2750000
1015,10904810
1156,3299000
6599,3810000
5952,36000000
2693,3900000
6454,16500000
2717,10200000
2931,3200000
448,15560000
3114,3850000
2446,12000000
3162,5060000
877,11000000
836,5100000
5675,19700000
3542,24990000
471,8300000
6129,8200000
2199,22230000
5109,10500000
6555,18135000
1160,3200000
7029,4200000
1861,20500000
410,7090000
6772,30900000
845,6500000
7542,7200000
6290,4390000
7123,14500000
6247,6250000
5436,3600000
1518,26900000
1741,8000000
1392,11800000
798,4500000
65,7200000
178,5614965
1835,9990000
4450,5900000
3461,7850000
26,5260000
546,5745000
5855,5500000
4951,1340000
5705,3590000
2522,11900000
3172,30000
702,17000000
5878,19900000
7573,2854170
2623,28092573
1279,3500000
1828,53486316
5347,7154380
340,6690000
6436,12350000
3198,8300000
627,3715560
7434,2990000
2599,56700000
3962,28900000
1519,15700000
4507,5660000
1475,6000000
781,7900000
3330,1329000
233,5000000
7096,5700000
517,11185000
7,5500000
2098,48500000
951,24000000
3567,16000000
5700,5600000
5278,7144080
5310,24000000
2518,30000000
4342,22557000
3509,22000000
1295,2400000
5681,7090000
2042,16000000
6063,19000000
3611,18000000
1001,7830000
1800,27000000
2314,5300000
3528,41000000
2765,5885000
6049,3100000
6912,5990000
6164,2850000
138,5990000
6027,3390000
2142,14500000
256,8500000
6128,18500000
1144,4460000
2141,10290000
5338,6900000
4439,4980000
3557,24000000
6229,13800000
962,65000000
3070,3350000
2575,5200000
4811,4250000
1339,2200000
2872,4000000
5906,4200000
2451,111000000
2245,2500000
961,9270000
4756,3750000
2286,90000000
2860,3800000
1299,21500000
1143,2349000
7116,49500000
6790,3400000
2588,6900000
988,22557000
5569,6300000
1924,10094000
6712,5990000
5330,3590000
1308,5650000
6767,13300000
1163,9000000
7063,23900000
778,4200647
1006,9700000
3882,6300000
289,35000
5516,8280000
2946,2950000
2192,4500000
2099,18000000
3147,4400000
1885,10400000
3995,32900000
5984,4200000
6669,1800000
6215,13400000
3173,3500000
4679,2500000
4533,3150000
5129,2890000
7071,22000000
2647,13500000
3917,44000000
2981,4500000
6813,5399000
3335,3100000
6463,34000000
940,40000000
2834,4800000
7522,3860000
5640,4000000
6396,4500000
1808,8590000
4365,5090000
2176,22222300
6748,7800000
247,5400000
6048,17430000
4792,3100000
2171,6990000
3405,4831579
415,6200000
6920,6500000
50,6600000
3489,26000000
5266,19400000
3688,70000000
5768,7142020
582,3300000
2968,1600000
7008,9150000
4443,12000
6619,1890000
1206,4500000
9,8000000
5243,37000000
1789,5682000
2782,3650000
4921,4990000
1688,22160000
1125,2550000
7534,3500000
5860,9800000
7087,4531000
756,5100000
2001,103977137
6785,4017000
5922,4130000
2250,5000000
325,5100000
5995,40000000
1749,27900000
5108,3200000
440,13390000
3760,13153700
4632,1940000
5027,2000000
2780,1820000
568,8092200
267,17000
259,3330000
4504,2100000
7652,4890000
704,10760000
6505,18400000
172,4750000
1233,4300000
5543,5300000
1542,20800000
2011,19850000
5159,13500000
5316,7400000
5987,12900000
2005,7700000
733,5400000
4442,1900000
6537,7000000
5529,15000000
4451,5700000
2242,1840000
5135,6690000
2222,77250000
3794,109000000
6757,8650000
829,8229700
4877,3740000
6350,3990000
5092,14000000
563,7250000
5275,7000000
5690,15000000
4793,6500000
3526,19900000
2868,1250000
6368,5800000
7413,72000000
2921,3000000
930,47000000
4549,3650000
3698,23200000
5875,2400000
5499,3900000
7579,2890000
3435,4900000
1228,1990000
5466,4300000
4643,1930000
2826,6250000
3036,5500000
1387,3450000
7388,9250000
7272,3700000
75,5200000
4821,2080000
4626,3400000
5812,6380000
6621,27900000
2325,4800000
5164,7130000
3510,19900000
1526,4990000
2855,1350000
2542,2060000
5188,1850000
6927,16500000
4781,4070000
6780,6000000
997,28000000
6665,9560000
7483,5000000
890,4200000
5538,2300000
5199,4500000
6766,7990000
6195,4950000
3081,4738000
5750,2600000
3257,11890000
4724,1250000
1664,79460000
230,6900000
5966,2990000
2998,2720000
1956,41223800
5327,5200000
2867,3800000
5913,3150000
893,8500000
597,4500756
4808,3600000
5693,23700000
3393,6900000
2654,25000
155,7200000
493,5950000
5131,2890000
7177,3650000
1769,18330000
283,9700000
547,7187944
6584,4900000
3625,30000000
7623,5400000
1141,6600000
4911,3200000
392,6800000
1153,2400000
4310,31520000
6032,3170000
2712,10500000
4592,1800000
5637,3955000
4001,10272000
969,13500000
3273,4990000
210,11922779
6372,2900000
5074,1590000
6542,1850000
5450,3200000
4546,5900000
304,10500000
1552,14800000
548,1990000
6563,15500000
455,7609930
2247,2700000
1193,8800000
4630,12202800
4702,6955000
3422,27100000
5062,1650000
5824,4900000
2529,30943731
4813,6990000
6052,9500000
4755,6955000
1933,8300000
2619,30500000
6154,5300000
3642,34000000
2133,7000000
7149,19700000
47,6798000
2333,11250000
5147,2650000
409,4500000
1571,19900000
6272,46000000
2802,2300000
7526,9100000
6219,4100000
7021,7800000
4853,9000000
6642,15000000
1038,7400000
7084,6500000
6821,20500000
1494,21000000
2714,10900000
6943,3500000
242,4180005
2246,9500000
2428,5450000
3691,16100000
4390,6510000
1159,10590000
4983,1650000
850,10800000
6510,6159400
7132,8200000
6073,9200000
6167,13000000
3342,2590000
5292,20000000
1822,10395000
5540,10500000
4584,3950000
5652,7290000
6564,15850000
5395,5800000
34,5050000
2379,18710000
7424,3100000
1528,9560000
6338,15700000
6590,5700000
589,5900000
5297,8300000
6225,9900000
74,4500000
903,16500000
316,5300000
3986,12900000
288,9170000
4579,5950000
4839,1180000
570,14820000
2058,14409700
6714,6280000
1639,24000000
2770,3810000
1214,3150000
1758,50547768
760,8800000
297,5500000
3726,37900000
562,5000000
5475,8343000
2365,3300000
1089,4840000
4650,4700000
1100,2500000
4495,2090000
5632,11500000
2460,35220000
3631,60750000
5409,3880000
60,22000000
1671,12000000
7678,10484000
1246,4622000
5867,20900000
5393,10500000
7548,2490000
6884,7200000
2609,88701025
3658,24500000
557,5900000
6069,19900000
6810,17000000
4891,4600000
4538,4450000
7713,7450000
606,2699000
4990,6270000
197,11000000
1321,4350000
173,9390000
5242,3499000
4527,3300000
5802,7200000
3079,3697700
2756,31500000
976,10900000
2943,3210000
1066,14000000
5809,21500000
1230,3080000
1630,15699000
2786,1390000
1716,13000000
5118,2399000
7295,19900000
1490,8950000
5568,13400000
6740,16000000
5117,3000000
6998,26500000
4927,1490000
4777,2200000
5781,2100000
1297,4800000
5826,12100000
427,8800000
6226,9500000
3262,3475976
6572,3100000
1034,13500000
1220,3290000
1870,35000000
6312,16000
6787,8390000
3549,13900000
5869,4480000
612,10800000
623,18300000
1905,39700000
860,5300000
2063,13000000
3383,51000000
7013,9570000
1224,7900000
2040,13500000
4979,149000
225,6650000
6811,4850000
1118,11300000
5902,14000000
1772,26000000
4727,3900000
3593,41400000
2138,63000000
7028,9000000
822,8299000
312,6100000
3183,1700000
452,6600000
753,4500000
6839,6000000
3747,38500000
3429,8750000
5884,20600000
1077,10415000
4221,14220000
1136,2600000
2920,4500000
6975,54000000
2435,12800000
776,4680000
1752,16350000
4530,6100000
6771,11700000
3541,9159005
6520,28840000
3465,7600000
5838,35500000
7497,5500000
4661,2200000
7553,3935000
2240,4800000
3540,109000000
4245,11330000
1683,21000000
1718,11900000
1277,4284000
1677,35000000
365,18900000
4509,5350000
551,13200000
4660,2490000
7187,6600000
5616,7000000
1147,2300000
1855,9190000
3460,33000000
4043,5100000
5880,6500000
3607,12500000
2610,69000000
2046,7000000
7076,25000000
1037,6250000
5908,15400000
3210,3990000
2707,11500000
3456,20000000
1623,15900000
7385,15400000
5186,2600000
2487,63917600
3758,44000000
4761,2190000
5105,3670000
5335,8800000
5453,7000000
6306,12800000
6491,6380320
1346,5390000
4545,3800000
137,17000000
1025,6800000
6646,10000000
5655,12500000
1723,12875000
4629,12699600
4722,4960000
644,18500000
5728,6300000
6388,2800000
1959,90000000
6270,5880000
6409,8000000
5433,14510000
1794,26250000
2403,22630000
7440,5990000
7224,3900000
2587,3300000
159,11000000
3739,50000000
4080,4900000
1424,4900000
426,5900000
2967,1400000
5050,5600000
2476,25773200
5375,4900000
4097,13300000
5265,8500000
2889,3950000
4034,24090000
5667,7700000
1093,1790000
6125,14000000
4836,2090000
4523,3600000
5457,6500000
6502,2690000
527,9900000
5919,18900000
4999,2050000
5659,9700000
2614,25000000
1872,12300000
6145,8000000
3214,5445523
6666,44000000
6913,10500000
3149,1350000
3368,1490000
5412,11000000
3326,1200000
4740,3500000
5653,35500000
565,11550000
4171,46900000
5721,2160000
228,3500000
7485,11900000
6016,8700000
6360,11845000
1461,7990000
3014,5800000
1973,7900000
5363,4000000
2264,4600000
182,8500000
4578,18000000
2303,5300000
2972,2390000
6365,34900000
4102,12000000
1380,4390000
3458,13900000
7080,22490000
6066,5800000
561,4499000
295,11900000
7474,4200000
3862,8789000
1027,23180000
2562,4000000
5163,3490000
5054,1700000
3570,25425000
3840,7000000
5339,2899000
41,12350000
6415,62000000
6385,42000000
6456,38990000
4950,6700000
5698,7390000
7451,17500000
5485,10800000
3048,2750000
3148,4100000
3880,22000000
7475,4100000
3521,11450000
7117,35670000
924,38000000
2538,11500000
1450,6990000
5039,5280000
525,5590000
5759,4700000
1067,8000000
5328,19700000
398,8260000
6358,15600000
314,6300000
1394,3150000
1964,4300000
1385,8500000
6157,6290000
4491,1400000
1313,1645000
6582,17800000
5749,2100000
348,14000000
1895,35510000
6895,6950000
2069,6800000
6577,37800000
5272,12300000
2128,14800000
3903,7500000
2784,2720000
789,12400000
809,6000000
6302,5790000
5794,18600000
2178,7890000
7698,19170000
1567,15990000
7025,9400000
167,5500000
1871,7725000
5707,7900000
810,10750000
5931,13510000
977,6550000
904,6800000
2810,4200000
7435,2970000
1328,2470000
6473,14500000
1936,13500000
1169,3250000
7038,7900000
4387,11654000
794,9600000
6824,9500000
2895,4635000
6285,10890000
5933,2350000
152,7000000
1085,5150000
2685,9990000
1502,7990000
5304,6600000
354,9850000
3934,15990000
7484,3100000
2820,2800000
1747,12900000
3609,28000000
3708,6000000
746,4800000
6928,25420000
2865,1950000
4635,1300000
3842,5260000
1832,9300000
6178,78510000
1459,107000000
1070,30900000
3100,8800000
3431,23000000
6985,7300000
1724,14900000
2373,19500000
4677,4730000
1566,18300000
87,7100000
7097,17500000
3656,31500000
2891,6000000
542,3390000
6765,9150000
1624,27000000
4611,2500000
7052,4460000
4790,1890000
5270,8100000
6754,15500000
4057,27800000
1259,3880000
4962,2450000
2263,9000000
6781,4280000
7621,4700000
6921,7900000
1573,8400000
3930,16267020
7529,6000000
2928,3900000
4886,2700000
5533,6750000
1197,6000000
4541,4950000
10,10500000
4569,4600000
4073,13200000
3166,5360000
4665,6100000
5769,8800000
6333,3850000
5505,5500000
3190,9906000
4107,16806020
3238,5651000
4564,5900000
5888,5880000
2438,16300000
3097,2750000
5638,17000000
2861,4290000
1942,10800000
4475,2590000
2226,6250000
594,7990000
559,4700000
3211,4230000
6325,5540000
6009,14850000
3462,36000000
4257,11000000
3062,3079050
3492,25000000
3677,25000000
2414,37000000
5458,7900000
1467,5450000
7036,5200000
633,6600000
7612,3605000
5511,5800000
6911,4600000
3052,1950000
3713,18600000
7535,2390000
3125,1550000
1390,3450000
1722,11900000
2893,2650000
6737,11900000
3783,7900000
5552,4750000
5079,3980000
728,5200000
3994,7580000
3663,4800000
870,13000000
4673,2980000
5573,35000000
5302,19000000
3345,2900000
4699,1750000
1755,9700000
1204,3700000
3657,20600000
5778,23900000
5566,7500000
1555,15500000
5323,6877310
2241,5600000
7344,4500000
7570,9900000
1381,6990000
5227,6150000
6901,8000000
5229,1760000
5730,20500000
6213,25000000
3168,3500000
5070,3400000
3470,7800000
6266,11500000
2213,12500000
967,12000000
4997,6600000
5545,4250000
1674,45000000
4896,2690000
584,11330000
6960,20000000
4137,19020000
4128,60000000
3595,40000000
5156,3200000
747,8590000
6420,34560000
608,3490000
1266,3300000
4624,1800000
435,9500000
2823,2000000
35,5400000
3845,74900000
923,17304000
6716,6500000
5158,7500000
6004,16000000
5477,3990000
1635,5200000
6860,6790000
6872,8790000
1240,3150000
232,60000000
874,4800000
4381,55000000
4438,1390000
2388,2600000
4989,30000000
2466,32066966
3163,3490000
6461,6500000
4418,10500000
1710,5450000
3025,1300000
5510,31810000
3558,24000000
5524,1900000
4738,3000000
1247,3600000
7276,3150000
1432,10820000
1638,19500000
7157,14500000
3352,4390000
2262,27000000
6277,3650000
1902,10280000
873,43000000
2548,3200000
5088,3250000
2653,14500000
518,4320364
4481,2500000
3618,14600000
6471,14000000
6238,20000000
5685,7283130
864,16040000
1374,3990000
480,5500000
4819,2300000
2715,4888000
7453,3200000
528,8000000
147,4470000
6305,22000000
6972,8800000
3134,5980000
659,8520000
1602,7000000
7147,3200000
3263,3800000
3622,9500000
1254,3970000
4690,1450000
486,12900000
5697,5500000
4861,3650000
1882,8680000
2571,10500000
6243,87780000
207,5450000
3018,4890000
3385,13000000
3692,14805000
6392,29000000
2129,26800000
6924,12000000
7002,6500000
4890,10450000
2840,1690000
2940,3900000
4339,13680700
7675,5578000
3381,4200000
2503,20500000
1843,15000000
1273,4150000
5517,5269000
6635,60000000
6119,2990000
1511,27000000
2347,90000000
4930,3600000
2008,6500000
1031,19300000
4100,12700000
572,13700000
3440,15200000
7121,22500000
6262,8000000
2401,70000000
6597,2390000
1485,6410000
5324,3650000
3623,16790000
5631,3990000
601,4663025
4054,14900000
3003,1690000
1512,15965000
3360,1890000
6166,19900000
458,8100000
5303,11000000
3946,28000000
6318,4990000
657,4100000
355,6690000
349,8850000
6077,12900000
7240,43000000
825,17000000
5673,14800000
5250,20000000
5331,16590000
7006,2820000
5551,6490000
310,8300000
978,70000000
1126,5120000
714,5730000
6293,21500000
2452,25780000
3202,14000000
610,6100000
2137,13500000
3522,31200000
5484,5800000
6448,13900000
6193,2930000
6867,21750000
4019,23500000
3905,14500000
5443,2000000
3078,9120000
246,11000000
1963,10815000
1539,5900000
2139,78614030
6512,6140000
3529,26670000
5411,39900000
834,4196500
1669,12500000
171,25800000
2718,75399820
3554,22490000
7032,30900000
945,25500000
6615,32490000
6956,5608000
2969,3600000
1434,27300000
5625,16590000
1506,28500000
5380,4710000
5587,39990000
494,6080000
3365,3000000
1691,9790000
345,5053703
2000,33530000
328,12500000
2257,39000000
6467,8700000
6152,5922500
667,3981000
649,7999000
7310,5500000
5848,6909240
5502,6990000
1735,21900000
4455,3490000
2229,19500000
1145,2550000
2317,80000000
5593,3800000
5142,6300000
6026,7800000
6846,27000000
6470,39396000
3401,30000000
6852,6000000
5351,12800000
3493,15500000
2988,3970000
720,4664458
2456,31958800
1792,7500000
2441,8600000
5935,15000000
1319,6100000
5763,10290000
3782,22000000
5949,7700000
7641,4100000
2064,8755000
7094,18000000
7256,2800000
22,3300000
777,7800000
558,6000000
4574,3990000
4452,2390000
4973,3090000
5112,1690000
2963,6900000
1655,15320000
4751,1950000
6275,3200000
1407,15500000
3390,16950000
914,16377000
1182,4990000
6160,5400000
7450,3065200
122,12990000
7367,3400000
3028,1400000
6885,22000000
1857,9500000
4437,2800000
5417,4090000
6618,23500000
5214,6900000
1680,15180000
2221,2990000
6746,19000000
5138,6200000
5065,8000000
4472,5000000
2583,4000000
6248,9700000
1891,8623440
5209,5500000
4604,2400000
7074,4200000
5643,11800000
4333,5300000
1570,17500000
2742,39000000
6278,13500000
2646,11000000
5096,3140000
6340,10197000
168,6500000
1251,2740000
3158,5590000
3838,24500000
3454,6800000
1278,2500000
4560,5300000
4797,3750000
1252,3200000
2817,2550000
2517,2790000
4780,1350000
78,7700000
1778,6700000
5737,25000000
2648,64000000
5100,4500000
3761,25300000
5923,7093610
2948,3580000
6079,4200000
2321,6990000
380,6990000
502,15000000
6135,27900000
3959,7500000
3635,31900000
541,8600000
596,16900000
2837,1690000
5481,3999000
2423,9400000
2056,15500000
3012,4930000
4598,6690000
6210,7400000
999,22000000
3384,18450000
6864,50000000
2509,22230000
5727,6375700
6850,8500000
1550,10360000
5910,9900000
1961,78614030
5104,5000000
1150,4000000
2252,6400000
5374,2695000
3883,15300000
2845,2100000
6291,5780000
6660,6489000
6614,19500000
5873,10200000
3020,6900
529,5790000
1962,6869000
459,6800000
1417,20000000
1162,6100000
555,7890000
5823,4200000
4508,12690000
3537,11500000
7031,6800000
2589,12900000
2334,9300000
2297,3600000
2858,5500000
425,5500000
6758,5500000
7000,7700000
3616,11400000
7288,65000000
2307,21300000
6207,7530000
5798,7506640
7142,8000000
2924,1200000
4915,12200000
6722,3299000
1815,6300000
4345,6400000
6693,16900000
1054,8900000
6844,13000000
6650,7800000
6890,29110000
5971,17275000
931,6800000
2929,3250000
3075,8800000
6879,5725000
1767,13250000
1405,18400000
719,9900000
1790,88545810
5885,8330000
161,15900000
4798,3900000
708,4020000
1324,1950000
361,3150000
6639,35456400
2672,13722000
4776,3050000
5989,13900000
2869,1500000
1619,8500000
6871,8900000
2470,4300000
6773,5800000
7079,3840000
5840,7500000
6779,27500000
5192,6300000
5480,4790000
4889,3008800
1423,11000000
3358,1890000
2358,58000000
6380,16807000
6173,16000
373,4880000
2790,1890000
2207,28000000
3666,33000000
2512,93814500
2482,16230000
6359,17900000
643,5150000
1849,8800000
91,5370000
1719,6152000
4668,2250000
6268,13500000
2757,4900000
2750,10700000
4834,4800000
2079,17500000
3610,39700000
6260,11000000
6111,12900000
2123,4250000
2737,23500000
5962,6200000
3192,4680000
5476,15400000
1738,27000000
2559,71257253
6701,41100000
143,6900000
3349,1390000
3474,64000000
6082,8040000
7559,4500000
263,4400000
1559,8200000
4707,6000000
1675,11290000
6371,13000000
2934,1100000
2530,19500000
4184,24518000
684,15210000
2468,8137000
6269,5350000
4557,6900000
1022,30500000
5046,2050000
6800,26000000
3323,1600000
1363,3900000
5783,2750000
5622,6500000
6012,12850000
3348,3600000
4526,2600000
3241,7830000
5326,3300000
4225,19300000
5089,2900000
5916,45670000
2426,11750000
2677,28500000
1873,10000000
1421,23890000
3305,4700000
7586,5720000
6794,6200000
1776,6500000
6945,7500000
2615,94100000
2017,109329690
5312,6500000
418,5800000
1899,6283000
1907,31470000
3152,3650000
6501,5500000
3968,8755000
478,8000000
1281,2050000
6094,2500000
4867,3050000
1705,5950000
722,8750000
3030,9400000
7663,4464000
1173,6300000
3914,90000000
2769,7600000
7430,5490000
4782,2720000
3647,53000
201,6100000
2248,15000000
2501,67780000
2568,44500000
5325,3990000
2710,10500000
6101,49000000
375,8900000
2197,5200000
6530,4800000
3507,67000000
3272,8900000
3314,1750000
2733,32990000
1447,18800000
1651,13800000
2188,4600000
6915,14700000
2799,5800000
38,5500000
3175,9780000
4770,3000000
2741,9500000
3569,35000000
2876,2890000
6862,22500000
1110,3350000
5523,35000000
6398,8000000
1151,2100000
4558,3700000
1531,12000000
5796,15000000
4723,2524000
465,12875000
5384,6990000
876,16000000
6978,14500000
3157,7300000
5772,32500000
763,10500000
7452,3850000
5997,6550000
3101,4800000
1667,21500000
6194,14000000
4835,3100000
3357,1820000
4554,5890000
5123,6890000
4959,1250000
5356,3100000
5706,15800000
2394,2750000
2151,17500000
7495,3700000
3659,22000000
6324,3900000
6910,8000000
1505,14800000
6745,7500000
5315,5690000
442,5665000
4810,3930000
1268,3100000
966,13800000
5470,6400000
2803,2890000
2671,49000000
1052,11134021
56,17300000
3261,2200000
5455,6500000
211,8549000
2238,26670000
1500,22000000
438,6500000
737,8190000
1323,11395900
1697,110511692
1665,9400000
2444,7100000
6673,12650000
5967,9300000
1030,12000000
6878,23400000
867,27810000
6894,7100000
5877,39900000
1527,23500000
6363,32000000
650,7500000
5662,12500000
4876,2150000
3294,1610000
1869,16200000
4946,4350000
344,8200000
2832,2350000
1137,1800000
2797,3990000
4240,12000000
4897,4290000
5564,11400000
402,7416000
779,7000000
113,14940000
1121,4490000
4779,3990000
989,30076000
2442,3770000
6882,6530000
262,4875000
2371,48240000
1397,4880000
1207,3300000
6617,4300000
1044,60550000
1943,18500000
2743,4200000
2093,4800000
4458,2490000
5439,4390000
132,4500000
2629,6200000
5030,2190000
454,5300000
5069,930000
2154,8900000
1745,5900000
2306,5690000
5542,27000000
6926,6700000
1670,108061479
2918,4700000
5843,32000
2759,1800000
1352,1800000
135,7000000
5520,3871000
1736,8858000
1830,8300000
1336,6500000
5678,9500000
5487,22000000
4152,7990000
6382,18500000
4935,5850000
129,4410000
2892,1800000
27,9270000
6095,25900000
1292,4500000
7159,5990000
7102,17500000
7110,3360000
4918,1800000
5738,8550000
5379,22500000
474,11500000
4197,75900000
2547,9900000
2134,7000000
6797,4860000
2636,35560000
1898,7590000
204,16900000
7449,4500000
5124,1890000
4444,1300000
1016,49440000
124,5152000
3266,10900000
7061,7690000
2080,10800000
3199,8020000
3185,3500000
7009,12390000
3226,3900000
682,5590000
6076,25000000
3627,65990000
1846,10100000
1658,16500000
987,4900000
1510,4760000
544,5100000
1411,5990000
3406,24000000
1245,4900000
5259,4100000
5287,14000000
3870,10120000
6556,2950000
925,65000000
3591,42500000
2147,36300000
5494,9200000
66,59000000
4492,2359000
1541,99490000
6692,24360000
4741,7900000
3824,50000
6185,7000000
2057,13909646
5682,14790000
4788,5500000
4141,49500000
5647,4590000
830,5100000
2292,22969000
5012,2890000
231,6500000
804,4600000
6308,5150000
534,7700000
1678,8240000
5221,4950000
3104,2100000
4787,3400000
5726,33990000
957,63200000
195,5100000
784,5000000
641,23000000
5595,16340000
1971,6180000
5899,4100000
4431,5990000
413,6300000
4135,43000000
897,11400000
5521,15990000
1812,9800000
384,10500000
5945,27000000
3155,4400000
1059,8900000
7129,44000000
6017,1800000
421,4552193
603,5650000
732,6500000
1685,19500000
2927,5100000
690,6150000
5445,29000000
4670,3790000
5810,2950000
7158,4900000
3399,4428000
617,6900000
3120,1799000
1644,11590000
3394,10900000
6496,5000000
2552,6300000
3389,12080000
2850,2590000
1972,15500000
785,5400000
6603,20000000
184,12000000
5699,15000000
5284,23500000
2909,4260000
1106,2900000
5372,44900000
688,16000000
149,3300000
748,13750000
379,28000
23,13300000
3615,35500000
1343,4740000
2071,13714450
2395,21770000
1257,3300000
485,14600000
7197,8320000
1250,3350000
106,11500000
1545,12650000
6204,4500000
358,7931000
4892,2900000
1318,3600000
48,12000000
6523,19900000
1503,7250000
6929,13500000
5190,4500000
6636,19610000
6274,13210000
2689,52729900
7017,7800000
4357,18700000
6992,6000000
6428,15000000
7148,22600000
3275,2500000
2965,2450000
7152,24000000
6133,3300000
6970,5400000
2253,51520000
30,10000000
2450,55560000
1284,7700000
2475,15500000
3771,96000000
6224,10815000
174,7100000
2866,2450000
6865,6000000
3524,18000000
5767,2700000
6348,9200000
7035,5800000
7468,19800000
855,6500000
1529,15500000
4753,3250000
6192,9450000
6232,44500000
5530,6250000
3472,26670000
511,11900000
1053,4200000
2462,30500000
5800,6290000
7247,15990000
1024,30600000
6031,5500000
6511,2700000
3007,2650000
394,8498000
5002,4400000
1740,27000000
3652,19970000
1782,25000000
5004,3500000
5578,11900000
1111,2100000
673,8300000
3247,4500000
3009,2400000
6292,12495000
7007,9900000
1243,2670000
2852,4850000
7010,25000000
1799,50000000
2639,18050000
2028,23240000
3413,19000000
6686,7190000
6050,11900000
611,12900000
5488,4430000
7027,7800000
76,5182586
2521,20300000
654,14110000
3748,24000000
4514,3200000
1466,12500000
2010,13800000
385,4970554
80,6500000
2299,2700000
5021,1890000
2980,3500000
2987,4500000
6410,16300000
191,5974000
7155,9990000
6906,13800000
7531,4000000
5709,17900000
2184,4690000
5398,4430000
6957,13500000
2382,3590000
1441,12000000
5478,4500000
6281,10000000
7127,39000000
3964,65000000
6547,2790000
3367,1803000
2237,5000000
245,5286523
1581,37000000
5982,4500000
715,5800000
4502,1000000
6142,6750000
5507,4618520
6863,20500000
1440,44000000
1263,1950000
2620,25500000
5708,9400000
1080,4100000
1910,20000000
6316,35000000
6535,6700000
3835,4500000
3027,1790000
6667,16650000
3304,2800000
658,3300000
2528,21980000
6314,12200000
3321,4790000
2520,5500000
5994,8500000
1350,2100000
7119,18000000
3010,3500000
3420,5520000
3022,5500000
4687,3250000
2804,2650000
4924,1650000
6825,2650000
4376,25500000
6807,36500000
1729,19350000
141,3254867
1659,10900000
2673,4690000
4912,9900000
7565,3900000
6403,17866000
1122,3720000
1191,2990000
5271,5800000
1051,16000000
2908,1500000
3477,8200000
6857,6300000
24,8100000
2277,59900000
266,8790000
4762,3350000
3285,5260000
3594,64850000
6375,2900000
2584,12200000
4000,13690000
4358,17000000
1775,88000000
8,16500000
1119,1450000
2007,5600000
1796,15290000
3310,2190000
412,6600000
6440,4370000
6715,6600000
2116,15390000
1605,40000
6869,17900000
5036,2500000
912,16000000
7169,5900000
2597,4624700
7012,8250000
5249,7200000
3632,42000000
3362,5962240
3672,14000000
2755,4490000
7118,3180000
938,5400000
6060,28900000
738,4429000
5042,6100000
300,7790000
5471,9890000
4932,2990000
2917,5900000
2439,5500000
4605,2850000
4916,3000000
1167,15500000
661,7900000
215,3500000
4931,3650000
6835,5100000
1682,9000000
7492,3011130
7523,4250000
2531,18410000
200,8450000
6755,3590000
4597,1650000
7539,4700000
6628,17150000
5575,10380000
7709,3900000
6481,14000000
4802,4300000
2045,9900000
4111,17900000
595,15500
3411,11000000
4532,3500000
2821,3580000
302,4970000
3444,31500000
3086,6890000
5747,2000000
6035,8500000
7069,7490000
5294,6395270
3612,29000000
1262,2850000
6042,43000000
592,11200000
2612,11900000
3231,2200000
2605,4700000
5797,4390000
6122,15750000
2211,8500000
2686,30000000
4391,16903040
5900,4500000
6295,6380000
1720,4500000
5541,10900000
4639,4500000
7433,4990000
793,4550000
1217,5620000
4871,16050000
2200,2290000
282,7725000
5193,2980000
1201,5200000
301,6700000
1029,22400000
5301,24000000
1851,8377967
3259,4300000
1225,2200000
4072,24837120
2458,4700000
3628,14800000
4148,5700000
7315,3660000
7014,5450000
1427,10990000
6059,7800000
953,7900000
5565,2270000
5072,1150000
2774,1490000
6311,3300000
6425,5890000
1372,2350000
4971,4120000
4768,5400000
1809,109720953
2510,16900000
7403,18900000
6657,34900000
7164,19900000
6057,3830000
6294,2700000
5378,3000000
5858,6000000
1456,11000000
1302,2490000
881,29400000
150,9600000
4440,2999000
2498,26990000
6231,15900000
186,7900000
935,5460000
972,14200000
1548,6250000
3143,10390000
4427,3200000
6265,3690000
6465,23700000
711,6250000
2013,23270000
2235,19900000
2160,26000000
2364,64900000
269,12000000
3596,20000000
2681,11124000
5649,2600000
6708,36600000
1470,9200000
6965,5400000
3271,6500000
6113,13000000
212,6800000
6993,13500000
2384,5490000
2551,25000000
6322,43000000
1563,5500000
2433,25680000
1138,2900000
1325,3590000
1164,5800000
4158,6000000
2942,4800000
3901,12281990
5689,66000000
6040,8100000
3093,3000000
3856,10400000
3626,25900000
4830,3140000
857,6700000
3443,11500000
3269,1635000
3085,5200000
3539,11600000
4841,2990000
3270,3790000
7445,3100000
6898,7594000
51,11900000
7060,4950000
5414,3700000
3426,28120000
2086,18700000
2906,3400000
1420,6460000
1578,13000000
2280,12500000
6561,29900000
112,5490241
6384,13000000
169,5500000
2467,4500000
6046,40000000
5628,7000000
6507,24900000
6540,5300000
2791,1650000
6683,4500000
5195,4290000
1303,2260000
1412,15000000
4566,1600000
5166,3300000
1213,5200000
4117,8100000
6418,16000000
3630,29555000
5852,8600000
7618,7525000
1170,3980000
2656,4300000
901,16200000
5832,9500000
5383,8760000
6814,17050000
2393,8300000
4750,6300000
53,6500000
4940,3450000
6719,7500000
2308,7290000
6759,12900000
6823,4750000
5674,16500000
4500,2300000
2736,2660000
6105,36800000
3041,3000000
1270,5400000
5204,4600000
3415,23000000
5397,7800000
6613,13090000
4680,12990000
4864,2884000
7056,18500000
5539,2590000
4319,13744500
7034,4400000
2959,2990000
6230,5850000
536,9500000
6818,16000000
2901,1350000
364,3448422
6806,2990000
2903,1500000
550,8900000
3624,5650000
59,5950000
1000,18500000
5893,7500000
287,3800000
3655,8000000
1703,6035000
2976,1350000
5101,2000000
5859,24000000
6414,8640000
464,8000000
4261,40000000
2925,2400000
5939,7500000
1334,10410000
1341,1750000
4923,2300000
6981,3900000
1595,10800000
4907,9250000
853,24000000
7050,28000000
1594,12880000
2738,13290000
4555,16050000
6002,3500000
49,4590000
2882,1500000
3302,8471300
849,8900000
6576,21200000
1425,6250000
437,3800700
7153,5200000
0,8925000
5522,8300000
2159,3850000
1327,3390000
177,11500000
6694,73000000
531,15500000
1344,5490000
1522,7350000
2567,4290000
5957,2930000
2539,6000000
811,6400000
1406,11430000
4601,7004000
2655,3490000
1107,1590000
6836,8900000
6513,44000000
2621,3800000
554,4900000
6605,7490000
6659,6500000
6736,6200000
390,6100000
1967,8430000
6753,5500000
3653,42000000
2871,1350000
6376,30000000
982,26500000
2816,2410000
2708,10500000
7602,15900000
7702,3400000
432,6500000
5680,7500000
4515,3100000
1540,13500000
1112,3300000
2089,5560000
5095,1700000
73,6960000
3446,6900000
2794,5000000
3091,3150000
1310,4090000
5340,3200000
1999,8900000
2787,5650000
1965,33900000
1521,12900000
5558,14790000
1238,8390000
6769,10473000
505,11500000
1179,3500000
1315,2599000
1607,5900000
399,4981947
3315,4910000
4774,4070000
5999,30000000
2343,18340000
1348,1800000
2688,20000000
3225,3500000
7104,10000000
470,4086753
863,29500000
1140,2400000
3135,3417061
2828,1050000
3395,38500000
7447,9400000
6888,3150000
1337,7090000
5658,12500000
1489,59000000
2971,2600000
2354,2475000
360,5500000
5366,17000000
4520,3600000
3716,4900000
4716,3990000
2208,3990000
1261,14900000
1464,9720000
6488,11500000
1779,6990000
1786,24900000
3128,1390000
5677,9200000
6580,43000000
1332,2590000
2339,17500000
164,3200000
2172,57900000
6108,5700000
3572,34000000
3669,27780000
4485,2300000
6891,5300000
420,5950000
5173,1890000
5010,3900000
6406,4700000
674,4540000
5986,13035000
1401,10000000
5429,11900000
936,18500000
1625,6800000
1139,10390000
4784,3500000
552,9300000
3242,4200000
2613,36670000
7545,5800000
2961,4500000
1748,8000000
2236,29000000
1203,4630000
5854,14000000
3439,18000000
271,6600000
4571,2000000
7423,8500000
4542,3550000
370,5900000
1520,8900000
3798,5600000
1004,38200000
2289,40000000
7519,8990000
1643,25900000
6652,12770000
3643,12000000
1939,6200000
2340,8500000
3208,2350000
3846,16300000
6267,39000000
797,13200000
1436,8500000
1032,11000000
2227,14500000
292,6350000
4108,27898640
3346,3456338
1210,4560000
1575,17990000
6429,43000000
5162,2750000
3548,10400000
6058,7200000
2322,21600000
214,8860008
6557,12650000
3436,6500000
279,20100000
88,9000000
2992,9890000
2469,6200000
305,5850000
5620,19000000
4469,5390000
6804,12800000
4591,2990000
6283,7600000
322,2750000
6689,4900000
2279,12000000
3584,6190000
3382,24450000
6931,13000000
2145,9500000
6509,9500000
3201,4200000
1333,2000000
2573,36000000
549,8300000
5350,6950000
1569,14990000
4335,16881480
4478,4925000
1376,3499000
3693,5610000
5903,6200000
3277,2100000
2535,26900000
5775,85000
5257,6121290
2806,5360000
1223,3990000
5684,32000000
3953,60000000
6983,21000000
6698,5980000
7085,10504000
6526,11000000
3080,7090000
1280,3100000
6412,33500000
6102,14000000
5194,3780000
2103,32500000
6416,6500000
4893,2199000
381,12257000
3984,40000000
2259,3590000
3788,12700000
3816,6000000
1604,9300000
7309,23500000
2937,4400000
1621,11300000
5281,11500000
3013,4490000
6592,7780000
647,5790000
2536,25000000
5337,5000000
5479,5500000
5321,4650000
4088,10900000
2819,11500000
7306,9500000
5017,3220000
6700,8500000
2960,2200000
4745,3400000
1732,22000000
5782,2250000
1021,11450000
1940,5800000
3265,2200000
3421,9000000
3712,37400000
6678,12900000
6023,1850000
1269,5400000
6476,20000000
1488,14000000
6896,8455000
439,8360000
4982,1550000
5212,5000000
2032,13500000
5646,5200000
3730,16698220
7039,18000000
416,17300000
508,5720000
6838,21700000
4011,14919520
872,23175000
2724,7550000
4468,1800000
5917,5200000
2984,3580000
6253,29900000
4067,43000000
6731,4850000
7360,13860000
5944,5300000
1881,99000000
2318,92500000
2273,18000000
5456,19000000
3530,6947368
1938,5400000
6024,8800000
1267,21000000
1026,9500000
490,9900000
3613,4950000
220,5350000
692,3552500
5550,2300000
3517,9200000
2700,29930000
1653,30000000
5590,5400000
7294,11407000
1185,11990000
3283,2550000
2189,90000000
7513,4790000
5546,32500000
5353,13100000
131,9250000
5293,16600000
4232,75000000
1399,4700000
2315,3750000
6453,4500000
5702,4200000
622,6000000
6900,7400000
6789,16000000
858,5500000
252,4500000
5320,12500000
29,4400000
1174,2790000
3674,6200000
5807,3800000
2986,3910000
5181,4900000
5714,2200000
6450,6800000
2095,85000000
5623,5890000
664,8250000
46,11400000
6706,20700000
5704,15000000
6466,6900000
916,11000000
5963,12900000
1378,600000
6610,50500000
5896,3920000
1609,16500000
6567,9874500
5025,4925000
4198,20000000
5144,2220000
2680,3690000
6132,60000000
4234,22000000
5650,8300000
3307,4500000
908,36000000
4995,3490000
2266,11000000
2105,13000000
5857,2650000
2454,36500000
2952,5000000
2713,15293600
896,32900000
1301,3200000
5672,3990000
5091,2490000
5211,3300000
3291,1690000
1237,3700000
3915,45000000
5276,33000000
2524,19
2,8290000
7425,6500000
7631,3500000
1844,12000000
4884,4790000
1101,2750000
1478,84900000
6011,18900000
5440,13800000
7044,16000000
910,29500000
4700,3090000
6550,11500000
7151,12500000
2735,18000000
7581,3200000
2595,60000000
4620,2880000
317,5800000
1692,4000000
1146,2100000
2053,5800000
4652,6700000
1287,3250000
5822,3850000
7042,11000000
1818,8300000
7680,4200000
5718,23000000
4556,1790000
3313,5290000
2812,3210000
1452,21670000
5803,9900000
5515,14200000
5295,9300000
6822,7600000
3031,1590000
2563,3800000
3244,12000000
5016,1590000
806,7900000
6087,6000000
4739,3150000
6586,12000
1018,8775000
3617,36760000
3873,16800000
721,4490000
5934,3290000
2729,111023206
1043,6200000
964,9000000
6264,16390000
6309,9750000
187,7000000
974,24000000
6627,10500000
5084,3550000
4187,32500000
7126,5600000
1693,83271067
1926,12110000
2657,17700000
3418,11368421
782,5090000
6606,1500000
1023,46000000
2751,87728535
5887,3960000
4824,1600000
1171,2850000
157,7980000
2637,8990000
4697,3170000
879,42000000
883,8900000
3021,7400000
521,8500000
6967,4000000
1041,5999000
4795,3170000
975,28500000
2169,13500000
2101,92784124
254,6200000
4763,3180000
6131,19782160
2873,4250000
1404,10500000
6826,13500000
6430,8700000
4446,5790000
363,10900000
786,3300000
892,21500000
764,8540000
2097,15200000
3179,1790000
5286,4390000
2346,56500000
7103,15500000
4441,1000000
4711,3950000
5437,3914000
3588,4631579
6337,2990000
1316,4800000
3217,8241120
85,7550000
788,5170000
6261,2920000
1968,6820000
1373,2350000
6177,6300000
4748,3690000
5985,6450000
1014,24000000
5606,35000000
270,4900000
2591,7490000
5008,3100000
3344,6290000
3407,27780000
2195,3490000
5125,1650000
5486,16500000
1894,16400000
2368,43340000
4146,16200000
3311,5800000
2344,2790000
7422,2190000
5207,4480000
7020,6000000
2106,9500000
1429,112000000
2249,48250000
4759,2500000
7146,24000000
6239,11000000
6205,18500000
2182,6000000
7144,2770000
4807,6190000
2183,90000000
4511,5500000
3118,11212000
5895,28000000
4669,3550000
6710,12000000
7599,13020000
290,4900000
95,8630000
7107,11500000
2854,2590000
4815,1450000
3877,6200000
6395,5500000
7525,2890000
2839,4990000
2418,6350000
2702,5800000
4368,66000000
1342,4670000
4895,3650000
2125,9200000
6336,7500000
2281,21650000
4572,3550000
2372,9000000
4789,6000000
6439,12900000
6342,28900000
5058,3150000
5532,8500000
43,2500000
4816,5700000
5362,3590000
2997,3550000
3347,1500000
6106,4400000
6819,12000000
6713,4700000
5279,14400000
1903,88545810
1055,5460000
4696,6100000
6127,13500000
2549,10700000
1130,3150000
7381,6800000
4691,10000000
3770,43000000
6417,5500000
6280,3540000
307,11490000
3111,11400000
2684,13000000
994,13900000
6519,2890000
2523,33321206
1317,16500000
7460,4695000
2704,14900000
3428,11000000
5512,41500000
4991,3900000
889,34000000
1969,103977137
334,5100000
2602,10900000
6541,14800000
3486,3491700
6923,8300000
1524,90000000
5965,5890000
3397,29880000
2187,4450000
5751,5990000
5432,2800000
2758,3700000
3364,1328000
3639,24960000
632,7600000
5912,3299000
5364,7082280
913,23000000
1993,8490000
4917,1444600
6858,17700000
6775,5800000
3678,10400000
1338,7200000
878,60550000
3419,85000000
4622,2900000
2009,85021688
5504,11400000
5349,4400000
2175,7800000
1360,4590000
336,5900000
5814,4990000
1785,16500000
2669,15000000
7592,6400000
4898,1000000
496,4290000
4416,7180000
1232,2790000
6833,38900000
3181,4500000
4882,11000000
117,5000000
3067,12000000
927,7400000
1082,5099000
482,5890000
6464,7800000
6499,52000000
6941,2850000
3341,7230000
6279,11900000
6452,7500000
2006,5200000
2096,15000000
824,5150000
5621,4200000
1878,15800000
6697,5100000
7594,15400000
6168,3500000
6343,7600000
84,5500000
1742,58270180
3996,12730000
6163,4800000
2983,2090000
5816,3399000
2271,27122714
2331,35000000
530,8150000
3487,6200000
772,2790000
2352,90000000
7355,9150000
5582,3300000
6622,5200000
5828,3770000
2977,2500000
2124,9250000
6457,6200000
7368,26000000
4460,11000000
6808,21630000
5419,29000000
1707,24000000
6702,19000000
2950,4850000
3063,2690000
1241,9600000
3387,16670000
3459,14900000
2180,90000000
5280,2650000
4969,8200000
127,11500000
5399,7000000
165,4886472
7058,17000000
1574,7390000
3476,24000000
1377,3520000
2722,7390000
488,15400000
2119,50000000
18,7600000
4812,4400000
3180,9300000
2167,3490000
6137,12317000
2265,75400000
1078,10390100
97,4500000
6711,4280000
3379,1250000
6096,26900000
3033,1650000
3433,14400000
462,20000
573,7000000
7067,16000000
5318,7700000
4550,3100000
179,15500000
5482,33000000
4447,3999000
1398,3800000
7379,33835000
4159,27500000
4076,9600000
1661,13000000
1580,17900000
783,24525000
5938,3900000
1860,5400000
6908,3990000
500,8500000
6987,6600000
3006,2350000
2146,6990000
7587,3300000
2015,18279000
2658,7800000
828,8030000
5600,14900000
77,4200000
5849,30000000
1991,17040000
6080,6045000
7555,2890000
6883,10500000
712,14500000
2335,5858000
5743,12500000
5946,5499000
473,4300000
3074,9200000
6355,13500000
795,6640000
121,6300000
4430,1390000
739,8000000
3140,13500000
6637,6800000
1554,7900000
7564,4821740
6543,3950000
2062,9338000
2212,9800000
3676,6790000
31,6900000
2282,4900000
2951,2300000
69,8800000
1509,11200000
6196,10200000
7305,6550000
3448,11720000
4403,17900000
4721,3150000
6271,6045000
4820,2690000
7073,7300000
3501,9954000
3416,32000000
1596,8000000
5452,6990000
6327,7300000
2596,6800000
5307,3850000
4259,6400000
6558,14000000
3457,43000000
2018,68900000
523,7990000
347,12900000
5882,18000000
4273,30000000
6980,16300000
846,51000000
6003,65000000
6870,3000000
5805,21667000
6051,4950000
6988,5800000
7161,12500000
61,5100000
1866,9200000
3046,2000000
7562,5600000
2627,4000000
7627,2790000
5172,2350000
7211,3800000
1636,8200000
5233,1650000
5701,31500000
5405,9000000
3050,2600000
1768,12000000
5060,5200000
3215,6950000
2579,4290000
5403,2600000
7040,6590000
1637,4990000
4829,3250000
2489,72490000
2220,70000000
5996,27899991
2166,14250000
5319,5200000
2332,4300000
7606,3300000
2408,19900000
391,28000
4701,1190000
2572,93820000
6551,15750000
4764,3500000
1449,7300000
6097,15700000
7267,18200000
4767,4648000
2066,14900000
5071,1910000
6130,8000000
3130,3950000
2492,22860000
5134,7000000
250,6020000
1499,11000000
1075,10000000
3515,4980000
6053,16455000
423,3250000
2396,67000000
1115,4200000
5137,2550000
7509,5200000
7062,5700000
5289,12000000
4208,7500000
703,7200000
7560,3500000
6938,5350000
5111,1450000
7577,8250000
114,6900000
4859,3150000
6472,28250000
2445,5200000
2650,25500000
3534,110000000
118,18379000
2102,10300000
2311,5690000
163,3365012
268,13200000
6703,17000000
6405,3100000
5288,11500000
823,3680000
5842,6099000
5604,24500
6189,34500000
6784,8300000
5633,2300000
5914,4300000
6560,46000000
5422,4400000
686,5500000
4525,2670000
6750,26900000
1227,3000000
6874,8950000
3252,6350000
7598,5500000
4717,4500000
7583,4150000
1426,16000000
946,25000000
980,8034000
5733,4500000
14,6170000
2731,5350000
1019,5100000
1161,4790000
6851,25000000
5282,3200000
4832,3500000
1312,13500000
2838,2950000
3138,5390000
5741,4340000
5205,3280000
7603,2450000
1714,23500000
1188,1950000
6968,3200000
4074,25753420
1979,12900000
276,8300000
1533,5200000
6339,54900000
1615,15000000
5256,12400000
6944,7900000
5388,28000
886,8900000
6724,7990000
2327,31410000
1932,16000000
5863,19400000
424,12800000
1795,20000000
5386,9500000
6020,17775000
2989,4784000
2353,3710000
387,13490000
1553,4870000
780,11300000
3690,16500000
4371,9900000
6873,9570000
52,5900000
5006,2190000
6400,16000000
2404,8800000
6071,9890000
3353,3900000
1448,15000000
3463,6263158
3967,43600000
3841,22929060
5114,2200000
6602,4800000
2453,55000000
3502,23900000
2779,5290000
1706,27500000
5216,3200000
3447,32000000
6707,24900000
5776,12990000
3205,4746263
5224,3500000
483,15000
7109,13710000
952,54000000
7078,88900000
71,4400000
3496,9600000
6922,4100000
2003,5750000
6029,61776000
4865,8500000
6840,8200000
1265,7590000
2203,5690000
1660,9116000
3044,1350000
6138,38000000
6631,2910000
2337,8500000
3209,39000
694,6900000
63,4464378
1935,35000000
4870,32500000
6151,17000000
3280,1537000
467,5852000
6479,6200000
414,10650000
6062,7890000
6544,9450000
1532,14850000
716,2700000
3665,7700000
1690,87871550
1309,1750000
2104,6400000
3819,7750000
5891,5400000
6036,5390000
4674,3870000
5905,1990000
1086,2250000
175,10300000
991,19000000
3363,4900000
5748,2290000
2776,2390000
342,6800000
921,18900000
3055,1400000
1547,85000000
5237,6100000
303,4991341
7371,2500000
7130,6600000
6633,40000000
4676,2980000
6859,7800000
5145,7350000
4568,3300000
388,3300000
3373,3079050
2964,2800000
4771,9200000
5041,4400000
2342,9790000
2301,11500000
2788,1290000
2177,64900000
965,11000000
7619,4800000
7125,25500000
5666,14970000
6886,9100000
2484,67780000
4647,3490000
1008,13800000
6741,29000000
1989,22600000
7699,2890000
4518,3860000
4900,9000000
1239,2400000
7690,3750000
5981,20200000
5557,4710000
5401,5300000
1483,12660000
7673,4410000
2558,21000000
3105,8827900
6235,34700000
4330,15400000
1805,5300000
1744,6190000
3096,9030000
3224,5490000
5723,2400000
934,17304000
4933,2690000
6373,38000000
7120,4800000
341,9800000
154,4600000
6517,43000000
761,3750000
383,3490000
319,11845000
1946,11000000
1696,88555799
42,6930000
2885,3720000
6044,2390000
5574,4800000
429,5282366
5825,2940000
5712,4250000
7499,6000000
6950,4300000
744,27000000
773,7550000
7112,70000000
996,15000000
7270,7900000
4370,17500000
1900,8300000
1071,9880000
6570,6790000
956,44000000
1773,12500000
2985,1700000
5314,4900000
6596,6400000
540,12800000
862,22990000
866,43900000
3891,29000000
5795,14700000
1587,109720000
1712,49576173
7536,4190000
4192,17722320
7015,4750000
1780,4970000
4090,18000000
6198,12500000
4540,1250000
3292,3190000
1985,14900000
2781,3700000
389,31900000
4590,2250000
4873,3700000
2385,101400000
5387,6300000
2276,2700000
4528,4800000
2272,57813400
2753,4450000
1897,8800000
7337,3290000
6349,6695000
4388,15800000
6521,14000000
4831,3390000
1666,14500000
5274,8500000
5862,3990000
1787,3700000
7530,3600000
4610,10000000
1914,15000000
2749,35000
2745,6000000
5133,1790000
6072,43000000
1652,4290000
2730,32900000
327,6200000
5267,24400000
6117,8700000
6273,36000000
3675,23218600
6549,3200000
1853,16500000
6776,15000000
3043,7725000
5918,13800000
5676,1890000
7043,3600000
2269,12000000
217,4900000
5835,7700000
5381,16400000
4018,14100000
851,68000000
6263,2950000
6249,26000000
5032,1600000
105,4900000
5407,11500000
5920,3990000
6854,8500000
4628,3500000
3002,1500000
5926,17000000
1525,24500000
3176,1850000
590,8250000
7685,4696000
5291,38000000
2706,56000000
1534,14900000
3518,13800000
3026,1770000
2679,5350000
324,6980000
1258,1990000
6183,4600000
2416,4950000
687,12500000
70,12300000
6777,19900000
2848,6900000
1231,4020000
1142,8900000
7629,3038340
422,5700000
4944,5720000
7498,9984210
2541,75540000
6098,5200000
2217,17550000
5591,15300000
630,6850000
6424,7500000
3254,4700000
5753,11000000
6532,85500000
2351,5995000
2633,17900000
6877,9200000
885,49900000
3629,15500000
653,3500000
1701,8860000
854,21000000
5955,26780000
6585,5900000
3380,3200000
670,5300000
436,5500000
5787,18500000
2118,6592000
5421,5999000
5576,6955000
2660,11750000
151,4200000
3372,2650000
1650,22900000
7081,3600000
6889,7500000
655,5400000
3233,8300000
5555,2300000
4619,4000000
6966,4500000
3982,19570000
144,5500000
5777,12720000
2763,50745300
5619,5250000
4887,2690000
1982,13500000
6236,17600000
3898,7500000
4352,15000000
3649,4500000
6528,5000000
7145,7100000
2300,21980000
5951,2451000
6150,23900000
2974,4750000
5679,20000
7582,16990000
3029,3450000
7677,7300000
6462,17490000
2363,36670000
646,10000000
1382,2500000
7115,10738000
730,7700000
7287,50000000
2430,21500000
3601,18500000
6802,3500000
1408,8500000
6855,2900000
2922,1869000
6949,97250000
6799,23000000
6805,4840000
5514,5400000
1244,3600000
1249,2620000
146,12400000
4246,26500000
5367,23900000
4548,3000000
1852,15510000
4623,5800000
5764,5850000
5774,3900000
1931,6200000
7501,5100000
1166,5000000
2255,25560000
5974,7400000
5744,16500000
6739,20000000
2415,17000000
4618,2350000
2676,43000000
7070,12800000
1918,8700000
2982,3800000
5119,1490000
5332,16500000
4655,5000000
2668,11000000
926,20500000
1515,20500000
403,4300000
5103,3300000
2425,10000000
2907,5400000
6364,40000000
6626,8630000
3182,4700000
491,2872000
1774,19570000
1353,5290000
2218,19900000
3298,2190000
1192,2990000
2198,82000000
6320,30000000
880,15990000
618,6800000
5615,14000000
6729,4500000
4322,23000000
6744,14000000
109,6900000
6241,2750000
5264,4990000
1105,4300000
1369,1890000
706,8850000
258,5990000
6147,17490000
6728,18500000
6595,9000000
2881,5200000
5597,4620000
6022,5500000
6680,12640000
891,16274000
5066,20000000
5460,9650000
3687,27390000
3729,99000000
932,29500000
5500,2400000
6345,10820000
4866,7500000
5711,24900000
1981,15000000
6690,6718500
6587,20500000
1546,30000000
6419,39000000
2577,8200000
2930,4300000
2402,33000000
5090,2990000
3679,5500000
7308,28000000
3004,5700000
917,15500000
2638,24450000
4743,2250000
463,15160000
6092,7490000
6668,8500000
2100,6150000
736,25000
1827,12875000
4519,1990000
859,11000000
3576,10500000
2320,18200000
5983,5300000
6624,14800000
6124,17000000
524,7450000
3603,6631742
417,6200000
4433,3000000
185,5676550
7508,3800000
1977,12700000
6830,24500000
638,6490000
2864,4879000
2158,52600000
4850,2205000
2085,16480000
20,2250000
2350,22780000
6522,7500000
6699,16500000
2356,7500000
335,3300000
3559,24500000
2699,11000000
1975,6516000
7016,8300000
5308,2000000
7018,9500000
1845,19673000
2309,16900000
5936,36000000
7608,5800000
3763,29900000
7505,6000000
506,4260000
635,9400000
3490,12800000
2632,24000000
1824,7450000
153,5511000
937,28000000
7588,5800000
3340,7004000
274,5250000
96,5500000
4651,6500000
6037,5890000
4731,2500000
1893,6798000
5942,15000000
1641,51000000
5584,14700000
1120,9013500
6175,37000000
2953,4390000
7463,11935000
755,6290000
4937,4000000
6721,15600000
6643,6800000
7626,1150000
5519,2200000
5617,5500000
1892,24000000
476,10200000
6366,9984000
3165,2100000
1888,7622000
1970,16000000
6489,7500000
1403,14600000
5752,4200000
6256,8200000
6866,3300000
6001,10900000
1272,2100000
1430,99500000
248,6200000
4914,8500000
2993,5150000
1757,7630000
4683,7670000
1370,5720000
683,3798128
3520,34450000
2833,3500000
5355,2600000
156,4900000
3823,10200000
3899,8950000
1361,2300000
1205,2250000
3293,6900000
6918,14700000
1099,3100000
1715,46900000
1364,2200000
2036,8246497
6598,4400000
3863,16105320
5015,1220000
2378,27000000
3404,8105000
15,8431223
4119,10850000
6413,40000000
5956,7800000
2859,3690000
1418,9810000
1941,22150000
3359,4700000
1686,7509000
516,6400000
3040,8000
5567,2000000
7653,5500000
4426,1650000
1538,10260000
6508,6695000
1149,5890000
564,9400000
5688,12500000
4955,3000000
444,6000000
769,6600000
6379,78502450
5358,10880000
7049,23790000
2748,10880000
1395,5300000
4354,32000000
3088,6010000
5361,6300000
1084,2500000
7162,8500000
7568,4805000
1165,2350000
1990,10165000
4166,23500000
1592,12100000
796,3725881
3296,3800000
2818,4600000
587,5200000
5724,2800000
4210,6100000
257,6990000
2694,30000000
3187,5100000
5402,29700000
6367,15500000
6391,6000000
1260,4490000
3918,13000000
2991,3700000
5152,1690000
145,20620000
6033,10750000
3108,12900000
2957,3300000
954,32900000
6172,12900000
4849,2590000
240,13900000
6136,22000000
