,timestamp,device,temperature,humidity,outlier,outlier_2,outlier_3
66,2022-12-02,AA180186,655.4,654.825610766046,True,True,2
88,2022-12-02,AA180208,655.4,654.870051759834,True,True,2
162,2022-12-02,AA180283,655.4,654.873198757764,True,True,2
172,2022-12-02,AA180293,391.296601731602,422.63038961039,True,True,2
189,2022-12-02,AA180310,118.039782608696,181.673043478261,True,True,2
202,2022-12-02,AA180324,655.4,654.867556935818,True,True,2
313,2022-12-02,AA180440,655.4,654.860186335404,True,True,2
384,2022-12-02,AA180511,48.4775793650794,119.278015873016,True,True,2
402,2022-12-02,AA180529,655.4,654.891501035197,True,True,2
420,2022-12-02,AA180547,655.4,654.786376811594,True,True,2
439,2022-12-02,AA180567,339.150724637681,364.782463768116,True,True,2
466,2022-12-02,AA180594,559.766666666667,570.327753623188,True,True,2
582,2022-12-02,AA180717,446.303291925466,469.869875776398,True,True,2
1094,2022-12-02,AA181240,655.4,654.84347826087,True,True,2
1138,2022-12-02,AA181285,40.7392546583851,102.708695652174,True,True,2
1321,2022-12-02,AA181472,655.4,654.889855072464,True,True,2
1622,2022-12-02,AA181778,149.566956521739,198.213623188406,True,True,2
1629,2022-12-02,AA181785,106.740766045549,165.574109730849,True,True,2
1852,2022-12-02,AA182010,492.400138888889,509.985141304348,True,True,2
1904,2022-12-02,AA182064,655.4,654.874285714286,True,True,2
1906,2022-12-02,AA182066,655.4,654.880351966874,True,True,2
2045,2022-12-02,AA182208,655.4,654.859896480331,True,True,2
2119,2022-12-02,AA182285,47.4159627329193,109.080983436853,True,True,2
2471,2022-12-02,AA182646,394.922864593136,424.086581968756,True,True,2
2719,2022-12-02,AA182899,615.917391304348,617.983517080745,True,True,2
2822,2022-12-02,AA183010,655.4,654.923561076605,True,True,2
2848,2022-12-02,AA183036,655.4,654.923561076605,True,True,2
2901,2022-12-02,AA183090,40.4093452380952,105.59503968254,True,True,2
2968,2022-12-02,AA183161,441.758333333333,465.65,True,True,2
3003,2022-12-02,AA183196,326.309565217391,365.114585921325,True,True,2
3023,2022-12-02,AA183216,655.4,654.847080745342,True,True,2
3032,2022-12-02,AA183225,655.4,654.853685300207,True,True,2
3143,2022-12-02,AA183343,467.370289855072,142.321128364389,True,True,2
3148,2022-12-02,AA183348,655.4,654.851977225673,True,True,2
3178,2022-12-02,AA183378,514.786444664032,395.220312158856,True,True,2
3181,2022-12-02,AA183381,350.828830227743,250.378944099379,True,True,2
3268,2022-12-02,AA183470,655.4,654.888881987578,True,True,2
3291,2022-12-02,AA183493,655.4,654.888881987578,True,True,2
3336,2022-12-02,AA183541,655.4,654.846449275362,True,True,2
3416,2022-12-02,AA183622,205.936363636364,242.953787878788,True,True,2
3419,2022-12-02,AA183625,655.4,654.873126293996,True,True,2
3422,2022-12-02,AA183628,347.640062111801,383.412898550725,True,True,2
3462,2022-12-02,AA183669,293.851333333333,322.51599689441,True,True,2
3469,2022-12-02,AA183676,655.4,654.870155279503,True,True,2
3474,2022-12-02,AA183682,117.300673913043,170.470898550725,True,True,2
3565,2022-12-02,AA183777,499.332430555556,516.026200396825,True,True,2
3566,2022-12-02,AA183778,655.4,654.846873706004,True,True,2
3600,2022-12-02,AA183814,227.043167701863,275.733291925466,True,True,2
3606,2022-12-02,AA183820,424.590773809524,444.682748015873,True,True,2
3655,2022-12-02,AA183870,655.4,654.874679089027,True,True,2
3660,2022-12-02,AA183875,288.674376811594,331.706565217391,True,True,2
3664,2022-12-02,AA183879,536.024802371541,549.203169348767,True,True,2
3770,2022-12-02,AA183986,413.615217391304,435.48182194617,True,True,2
3771,2022-12-02,AA183987,141.614570926658,187.309292709706,True,True,2
3945,2022-12-02,AA194157,655.4,654.873664596273,True,True,2
3994,2022-12-02,AA194206,75.4261904761905,120.291718426501,True,True,2
4082,2022-12-02,AA194296,646.890890269151,647.40917184265,True,True,2
4085,2022-12-02,AA194299,646.890890269151,647.40917184265,True,True,2
4088,2022-12-02,AA194302,462.936368686869,467.700320707071,True,True,2
4148,2022-12-02,AA194363,42.866397515528,115.567619047619,True,True,2
4151,2022-12-02,AA194366,415.608302277433,434.611759834369,True,True,2
4152,2022-12-02,AA194367,42.3162422360248,102.640062111801,True,True,2
4167,2022-12-02,AA194383,56.0453002070393,116.427784679089,True,True,2
4173,2022-12-02,AA194389,42.3162422360248,102.640062111801,True,True,2
4181,2022-12-02,AA194397,41.5725432900433,108.877521645022,True,True,2
4207,2022-12-02,AA194424,44.0230434782609,100.536594202899,True,True,2
4227,2022-12-02,AA194445,650.852898550725,650.807587991718,True,True,2
4236,2022-12-02,AA194455,650.852898550725,650.807587991718,True,True,2
4237,2022-12-02,AA194456,650.852898550725,650.807587991718,True,True,2
4246,2022-12-02,AA194466,55.4193402973838,104.87057390677,True,True,2
4248,2022-12-02,AA194468,551.631004140787,562.698747412008,True,True,2
4250,2022-12-02,AA194470,655.4,654.893457556936,True,True,2
4258,2022-12-02,AA194478,44.1206004140787,109.229192546584,True,True,2
4263,2022-12-02,AA194483,44.1206004140787,109.229192546584,True,True,2
4264,2022-12-02,AA194484,43.3034057971014,107.07884057971,True,True,2
4272,2022-12-02,AA194492,386.805974025974,416.346255411255,True,True,2
4308,2022-12-02,AA194529,377.401473193473,407.986968142968,True,True,2
4448,2022-12-02,AA194671,294.923333333333,340.07,True,True,2
4516,2022-12-02,AA194739,65.6192960662526,132.078768115942,True,True,2
4532,2022-12-02,AA194755,655.4,654.826749482402,True,True,2
4550,2022-12-02,AA194773,655.4,654.83317805383,True,True,2
4672,2022-12-02,AA194897,583.74152173913,592.119513457557,True,True,2
4689,2022-12-02,AA194915,579.162028985507,587.224637681159,True,True,2
4718,2022-12-02,AA194945,655.4,654.830890269151,True,True,2
4730,2022-12-02,AA194957,61.2106521739131,105.230869565217,True,True,2
4803,2022-12-02,AA195030,655.4,654.840434782609,True,True,2
4829,2022-12-02,AA195057,655.4,654.865755693582,True,True,2
4832,2022-12-02,AA195060,95.5633126293996,156.647422360248,True,True,2
4841,2022-12-02,AA195070,655.4,654.847960662526,True,True,2
4874,2022-12-02,AA195105,579.008695652174,585.644699792961,True,True,2
5031,2022-12-02,AA195269,420.448695652174,445.584244306418,True,True,2
5122,2022-12-02,AA195362,655.4,654.835921325052,True,True,2
5127,2022-12-02,AA195367,257.622826086957,304.025983436853,True,True,2
5131,2022-12-02,AA195371,655.4,654.835921325052,True,True,2
5139,2022-12-02,AA195379,72.2308281573499,130.430962732919,True,True,2
5192,2022-12-02,AA195433,133.59649068323,190.117525879917,True,True,2
5250,2022-12-02,AA195493,655.4,654.86200280112,True,True,2
5296,2022-12-02,AA195542,628.002898550725,630.700703933747,True,True,2
5397,2022-12-02,AA195647,282.905010351967,305.271935817805,True,True,2
5498,2022-12-02,AA195753,655.4,654.818209109731,True,True,2
5511,2022-12-02,AA195766,655.4,654.880776397516,True,True,2
5578,2022-12-02,AA195834,655.4,654.880776397516,True,True,2
5649,2022-12-02,AA195905,655.4,654.857246376812,True,True,2
5681,2022-12-02,AA195938,655.4,654.866221532091,True,True,2
5769,2022-12-02,AA196026,629.753913043478,629.254958592133,True,True,2
5789,2022-12-02,AA196047,655.4,654.846376811594,True,True,2
5826,2022-12-02,AA196084,276.780434782609,322.092939958592,True,True,2
5950,2022-12-02,AA196209,655.4,654.868395445135,True,True,2
5969,2022-12-02,AA196228,277.540351966874,319.35549689441,True,True,2
5973,2022-12-02,AA196232,447.379548611111,458.555243055556,True,True,2
6017,2022-12-02,AA196278,92.1421532091097,148.773385093168,True,True,2
6030,2022-12-02,AA196291,655.4,654.874513457557,True,True,2
6078,2022-12-02,AA196340,655.4,654.882339544513,True,True,2
6124,2022-12-02,AA196387,655.4,654.856418219462,True,True,2
6205,2022-12-02,AA196469,655.4,654.887619047619,True,True,2
6290,2022-12-02,AA196555,655.4,654.85384057971,True,True,2
6326,2022-12-02,AA196591,207.985931677019,242.266397515528,True,True,2
6445,2022-12-02,AA196710,655.4,654.836149068323,True,True,2
6534,2022-12-02,AA196801,72.0381594202899,113.876717391304,True,True,2
6593,2022-12-02,AA196861,655.4,654.811283643892,True,True,2
6608,2022-12-02,AA196876,541.964378881987,554.31298136646,True,True,2
6612,2022-12-02,AA196880,541.964378881988,554.31298136646,True,True,2
6616,2022-12-02,AA196884,541.964378881988,554.31298136646,True,True,2
6628,2022-12-02,AA196897,542.307857142857,554.31298136646,True,True,2
6656,2022-12-02,AA196926,655.4,654.880383022774,True,True,2
6665,2022-12-02,AA196935,209.817567287785,243.899399585921,True,True,2
6702,2022-12-02,AA196973,655.4,654.870486542443,True,True,2
6706,2022-12-02,AA196977,284.703954451346,323.975424430642,True,True,2
6708,2022-12-02,AA196979,303.67632505176,345.842567287785,True,True,2
6725,2022-12-02,AA196996,646.21884057971,646.810734989648,True,True,2
6742,2022-12-02,AA197013,87.9989233954451,137.740921325052,True,True,2
6804,2022-12-02,AA197076,655.4,654.835258799172,True,True,2
6807,2022-12-02,AA197079,655.4,654.836997929607,True,True,2
6983,2022-12-02,AA197261,399.05469047619,419.614824074074,True,True,2
6999,2022-12-02,AA197277,110.881635610766,164.937453416149,True,True,2
7357,2022-12-02,AA197647,655.4,654.827401656315,True,True,2
7383,2022-12-02,AA197675,655.4,654.870144927536,True,True,2
7458,2022-12-02,AA197752,577.608942028985,584.81680952381,True,True,2
7462,2022-12-02,AA197756,655.4,654.87784679089,True,True,2
7526,2022-12-02,AA197821,567.063478260869,566.602111801242,True,True,2
7544,2022-12-02,AA197839,458.575972222222,465.239828042328,True,True,2
7664,2022-12-02,AA197967,489.176459627329,498.154120082816,True,True,2
7794,2022-12-02,AA216071,655.4,654.825155279503,True,True,2
7861,2022-12-03,AA180186,655.4,654.922251984127,True,True,2
7883,2022-12-03,AA180208,655.4,654.885654761905,True,True,2
7957,2022-12-03,AA180283,655.4,654.883134920635,True,True,2
7967,2022-12-03,AA180293,116.921259920635,181.268303571429,True,True,2
7996,2022-12-03,AA180324,655.4,654.834583333333,True,True,2
8107,2022-12-03,AA180440,655.4,654.84625,True,True,2
8196,2022-12-03,AA180529,655.4,654.869384920635,True,True,2
8214,2022-12-03,AA180547,598.329166666667,604.70439484127,True,True,2
8234,2022-12-03,AA180567,130.717083333333,173.809662698413,True,True,2
8238,2022-12-03,AA180571,77.7965277777778,144.716666666667,True,True,2
8261,2022-12-03,AA180594,642.2375,643.29875,True,True,2
8377,2022-12-03,AA180717,603.239583333333,608.602083333333,True,True,2
8890,2022-12-03,AA181240,655.4,654.854900793651,True,True,2
8928,2022-12-03,AA181278,351.17875,368.415962301587,True,True,2
9116,2022-12-03,AA181472,655.4,654.856706349206,True,True,2
9416,2022-12-03,AA181778,54.9531349206349,122.619642857143,True,True,2
9423,2022-12-03,AA181785,55.0035515873016,115.531448412698,True,True,2
9646,2022-12-03,AA182010,289.353545244108,330.876158564815,True,True,2
9698,2022-12-03,AA182064,655.4,654.92744047619,True,True,2
9700,2022-12-03,AA182066,641.96875,641.875694444444,True,True,2
9839,2022-12-03,AA182208,655.4,654.849603174603,True,True,2
9941,2022-12-03,AA182312,206.113194444444,256.914375,True,True,2
10267,2022-12-03,AA182646,372.45092739899,403.694692189755,True,True,2
10514,2022-12-03,AA182899,539.365,543.019948292448,True,True,2
10617,2022-12-03,AA183010,655.4,654.848253968254,True,True,2
10643,2022-12-03,AA183036,571.882916666667,576.700892857143,True,True,2
10762,2022-12-03,AA183161,496.901805555556,514.877490079365,True,True,2
10797,2022-12-03,AA183196,392.367162698413,423.497212301587,True,True,2
10817,2022-12-03,AA183216,655.4,654.858452380952,True,True,2
10826,2022-12-03,AA183225,655.4,654.888095238095,True,True,2
10938,2022-12-03,AA183343,499.446527777778,203.966408730159,True,True,2
10943,2022-12-03,AA183348,655.4,654.912936507937,True,True,2
10973,2022-12-03,AA183378,440.097428030303,356.627628517316,True,True,2
10976,2022-12-03,AA183381,418.109851190476,338.121091269841,True,True,2
11064,2022-12-03,AA183470,655.4,654.887738095238,True,True,2
11087,2022-12-03,AA183493,655.4,654.887738095238,True,True,2
11131,2022-12-03,AA183541,612.090972222222,614.529216269841,True,True,2
11211,2022-12-03,AA183622,361.872727272727,385.811186868687,True,True,2
11214,2022-12-03,AA183625,655.4,654.84626984127,True,True,2
11217,2022-12-03,AA183628,369.096775793651,401.409007936508,True,True,2
11257,2022-12-03,AA183669,292.317069775132,324.143932208995,True,True,2
11264,2022-12-03,AA183676,655.4,654.874384920635,True,True,2
11269,2022-12-03,AA183682,120.120615942029,174.824826086957,True,True,2
11296,2022-12-03,AA183709,68.7900942460317,130.076294642857,True,True,2
11360,2022-12-03,AA183777,655.4,654.85716765873,True,True,2
11361,2022-12-03,AA183778,655.4,654.831646825397,True,True,2
11395,2022-12-03,AA183814,236.075555555556,286.157777777778,True,True,2
11401,2022-12-03,AA183820,655.4,654.854722222222,True,True,2
11449,2022-12-03,AA183870,613.221388888889,617.833293650794,True,True,2
11454,2022-12-03,AA183875,509.621180555556,526.843444444444,True,True,2
11458,2022-12-03,AA183879,655.4,654.835833333333,True,True,2
11509,2022-12-03,AA183931,201.590873015873,253.063412698413,True,True,2
11563,2022-12-03,AA183986,347.667361111111,376.408263888889,True,True,2
11564,2022-12-03,AA183987,100.578506734007,151.815375,True,True,2
11739,2022-12-03,AA194157,650.988194444444,651.034265873016,True,True,2
11788,2022-12-03,AA194206,155.841468253968,197.681845238095,True,True,2
11876,2022-12-03,AA194296,638.500595238095,639.854583333333,True,True,2
11879,2022-12-03,AA194299,638.500595238095,639.854583333333,True,True,2
11882,2022-12-03,AA194302,520.599282051282,526.878153846154,True,True,2
11944,2022-12-03,AA194366,254.135674603175,267.310267857143,True,True,2
12019,2022-12-03,AA194445,642.92003968254,643.645208333333,True,True,2
12028,2022-12-03,AA194455,642.92003968254,643.645208333333,True,True,2
12029,2022-12-03,AA194456,642.92003968254,643.645208333333,True,True,2
12038,2022-12-03,AA194466,73.3768141985329,121.123456815176,True,True,2
12040,2022-12-03,AA194468,593.73125,598.265277777778,True,True,2
12042,2022-12-03,AA194470,655.4,654.834761904762,True,True,2
12064,2022-12-03,AA194492,549.635461538462,557.434721611722,True,True,2
12100,2022-12-03,AA194529,208.997338238684,258.182404721347,True,True,2
12222,2022-12-03,AA194652,366.196470588235,122.397296918768,True,True,2
12240,2022-12-03,AA194671,121.745932539683,170.149305555556,True,True,2
12308,2022-12-03,AA194739,71.5065873015873,134.664047619048,True,True,2
12324,2022-12-03,AA194755,655.4,654.888273809524,True,True,2
12342,2022-12-03,AA194773,655.4,654.841329365079,True,True,2
12434,2022-12-03,AA194866,455.418948412698,470.637301587302,True,True,2
12464,2022-12-03,AA194897,545.473134920635,558.471418650794,True,True,2
12480,2022-12-03,AA194915,616.233333333333,620.077797619048,True,True,2
12509,2022-12-03,AA194945,655.4,654.859593253968,True,True,2
12594,2022-12-03,AA195030,637.780555555555,639.43255952381,True,True,2
12620,2022-12-03,AA195057,655.4,654.884642857143,True,True,2
12623,2022-12-03,AA195060,113.271795634921,172.070823412698,True,True,2
12632,2022-12-03,AA195070,655.4,654.873650793651,True,True,2
12665,2022-12-03,AA195105,616.432638888889,617.821825396825,True,True,2
12822,2022-12-03,AA195269,434.811111111111,458.166170634921,True,True,2
12914,2022-12-03,AA195362,655.4,654.851587301587,True,True,2
12919,2022-12-03,AA195367,173.004900793651,226.835238095238,True,True,2
12923,2022-12-03,AA195371,655.4,654.851587301587,True,True,2
12984,2022-12-03,AA195433,297.564146825397,329.222311507937,True,True,2
13042,2022-12-03,AA195493,655.4,654.830925925926,True,True,2
13088,2022-12-03,AA195542,642.297916666667,643.275902777778,True,True,2
13188,2022-12-03,AA195647,597.8483436853,599.524761904762,True,True,2
13289,2022-12-03,AA195753,655.4,654.898521825397,True,True,2
13302,2022-12-03,AA195766,655.4,654.868095238095,True,True,2
13367,2022-12-03,AA195834,655.4,654.868095238095,True,True,2
13438,2022-12-03,AA195905,655.4,654.846527777778,True,True,2
13470,2022-12-03,AA195938,645.740694444444,646.33378968254,True,True,2
13558,2022-12-03,AA196026,655.4,654.826676587302,True,True,2
13577,2022-12-03,AA196047,655.4,654.926388888889,True,True,2
13614,2022-12-03,AA196084,123.543759920635,187.638819444444,True,True,2
13738,2022-12-03,AA196209,234.151537698413,284.668244047619,True,True,2
13757,2022-12-03,AA196228,246.187545787546,292.849340659341,True,True,2
13761,2022-12-03,AA196232,387.69158974359,400.213619047619,True,True,2
13804,2022-12-03,AA196278,335.35378968254,364.96121031746,True,True,2
13817,2022-12-03,AA196291,234.150128968254,284.655942460317,True,True,2
13825,2022-12-03,AA196299,71.5050952380952,135.798746031746,True,True,2
13838,2022-12-03,AA196312,57.0159330808081,119.972206965488,True,True,2
13866,2022-12-03,AA196340,655.4,654.867301587302,True,True,2
13880,2022-12-03,AA196355,54.041880952381,118.720714285714,True,True,2
13885,2022-12-03,AA196360,49.5885119047619,109.793819444444,True,True,2
13912,2022-12-03,AA196387,655.4,654.866904761905,True,True,2
13993,2022-12-03,AA196469,655.4,654.891428571428,True,True,2
14077,2022-12-03,AA196555,655.4,654.841875,True,True,2
14113,2022-12-03,AA196591,256.005982142857,294.993035714286,True,True,2
14231,2022-12-03,AA196710,655.4,654.862886904762,True,True,2
14319,2022-12-03,AA196801,97.2592996031746,152.131160714286,True,True,2
14379,2022-12-03,AA196861,655.4,654.841587301587,True,True,2
14394,2022-12-03,AA196876,655.4,654.867380952381,True,True,2
14398,2022-12-03,AA196880,655.4,654.864047619048,True,True,2
14402,2022-12-03,AA196884,655.4,654.864047619048,True,True,2
14414,2022-12-03,AA196897,655.4,654.864047619048,True,True,2
14430,2022-12-03,AA196914,133.214117063492,193.207212301587,True,True,2
14431,2022-12-03,AA196915,133.214117063492,193.207212301587,True,True,2
14432,2022-12-03,AA196916,133.214117063492,193.207212301587,True,True,2
14442,2022-12-03,AA196926,645.925694444444,646.360694444444,True,True,2
14451,2022-12-03,AA196935,260.406299603175,298.937003968254,True,True,2
14488,2022-12-03,AA196973,615.901041666667,620.140208333333,True,True,2
14492,2022-12-03,AA196977,241.872648809524,279.772261904762,True,True,2
14494,2022-12-03,AA196979,655.4,654.792490079365,True,True,2
14511,2022-12-03,AA196996,470.593204365079,488.30035218254,True,True,2
14528,2022-12-03,AA197013,200.94623015873,239.296091269841,True,True,2
14590,2022-12-03,AA197076,655.4,654.862738095238,True,True,2
14593,2022-12-03,AA197079,655.4,654.862738095238,True,True,2
14769,2022-12-03,AA197261,369.811897435897,394.011769230769,True,True,2
14785,2022-12-03,AA197277,117.85503968254,167.883313492063,True,True,2
15143,2022-12-03,AA197647,655.4,654.823968253968,True,True,2
15163,2022-12-03,AA197669,51.5000310559006,123.700621118012,True,True,2
15169,2022-12-03,AA197675,655.4,654.834503968254,True,True,2
15243,2022-12-03,AA197752,611.730347222222,616.255734126984,True,True,2
15247,2022-12-03,AA197756,655.4,654.854474206349,True,True,2
15311,2022-12-03,AA197821,603.644206349206,603.139732142857,True,True,2
15329,2022-12-03,AA197839,484.715759462759,489.804613553113,True,True,2
15450,2022-12-03,AA197967,467.150158730159,485.554464285714,True,True,2
15580,2022-12-03,AA216071,655.4,654.835357142857,True,True,2
15647,2022-12-04,AA180186,655.4,654.864384920635,True,True,2
15668,2022-12-04,AA180208,655.4,654.860416666667,True,True,2
15742,2022-12-04,AA180283,655.4,654.858075396825,True,True,2
15745,2022-12-04,AA180286,51.1785416666667,122.628005952381,True,True,2
15752,2022-12-04,AA180293,298.811904761905,340.417817460318,True,True,2
15760,2022-12-04,AA180301,45.6604761904762,118.771468253968,True,True,2
15781,2022-12-04,AA180324,549.849305555555,562.350972222222,True,True,2
15893,2022-12-04,AA180440,655.4,654.862638888889,True,True,2
15982,2022-12-04,AA180529,655.4,654.853373015873,True,True,2
16000,2022-12-04,AA180547,615.889583333333,620.17,True,True,2
16024,2022-12-04,AA180571,128.136388888889,188.605555555556,True,True,2
16046,2022-12-04,AA180594,289.237847222222,332.794236111111,True,True,2
16163,2022-12-04,AA180717,542.354166666667,554.590972222222,True,True,2
16546,2022-12-04,AA181112,475.508630952381,440.933492063492,True,True,2
16673,2022-12-04,AA181240,655.4,654.852083333333,True,True,2
16711,2022-12-04,AA181278,100.72,155.967222222222,True,True,2
16899,2022-12-04,AA181472,655.4,654.852718253968,True,True,2
17429,2022-12-04,AA182010,340.009435185185,374.975263723545,True,True,2
17481,2022-12-04,AA182064,655.4,654.855069444444,True,True,2
17483,2022-12-04,AA182066,655.4,654.883472222222,True,True,2
17621,2022-12-04,AA182208,655.4,654.853670634921,True,True,2
17723,2022-12-04,AA182312,510.171944444444,526.454236111111,True,True,2
18028,2022-12-04,AA182629,216.040396825397,264.080573412698,True,True,2
18045,2022-12-04,AA182646,509.975084776335,525.919716360029,True,True,2
18291,2022-12-04,AA182899,537.683333333333,541.848316378066,True,True,2
18394,2022-12-04,AA183010,655.4,654.842242063492,True,True,2
18420,2022-12-04,AA183036,616.317361111111,618.528075396825,True,True,2
18472,2022-12-04,AA183090,88.3925496031746,145.000892857143,True,True,2
18538,2022-12-04,AA183161,451.357638888889,474.368809523809,True,True,2
18573,2022-12-04,AA183196,344.659880952381,381.036111111111,True,True,2
18593,2022-12-04,AA183216,655.4,654.898611111111,True,True,2
18602,2022-12-04,AA183225,655.4,654.852023809524,True,True,2
18719,2022-12-04,AA183348,655.4,654.821468253968,True,True,2
18749,2022-12-04,AA183378,438.100466720779,390.218973484848,True,True,2
18752,2022-12-04,AA183381,368.37753968254,325.568829365079,True,True,2
18840,2022-12-04,AA183470,655.4,654.834484126984,True,True,2
18863,2022-12-04,AA183493,655.4,654.834484126984,True,True,2
18907,2022-12-04,AA183541,606.522490079365,610.782154761905,True,True,2
18987,2022-12-04,AA183622,447.484848484848,464.334595959596,True,True,2
18990,2022-12-04,AA183625,637.584563492063,637.061587301587,True,True,2
18993,2022-12-04,AA183628,373.467876984127,406.632023809524,True,True,2
19033,2022-12-04,AA183669,288.484497519841,318.315021825397,True,True,2
19040,2022-12-04,AA183676,655.4,654.855952380952,True,True,2
19045,2022-12-04,AA183682,94.1571537698413,153.095386904762,True,True,2
19135,2022-12-04,AA183777,655.4,654.866546867484,True,True,2
19136,2022-12-04,AA183778,549.84996031746,562.343511904762,True,True,2
19176,2022-12-04,AA183820,655.4,654.841706349206,True,True,2
19225,2022-12-04,AA183870,549.236527777778,561.506517857143,True,True,2
19230,2022-12-04,AA183875,442.178958333333,467.062291666667,True,True,2
19234,2022-12-04,AA183879,517.773518668831,533.186494408369,True,True,2
19286,2022-12-04,AA183931,528.860317460318,543.028303571429,True,True,2
19340,2022-12-04,AA183986,649.938333333333,649.371319444444,True,True,2
19341,2022-12-04,AA183987,138.140582010582,187.722176421958,True,True,2
19515,2022-12-04,AA194155,51.0183333333333,120.390396825397,True,True,2
19517,2022-12-04,AA194157,655.4,654.831706349206,True,True,2
19566,2022-12-04,AA194206,227.039305555556,258.399027777778,True,True,2
19654,2022-12-04,AA194296,641.417361111111,642.404920634921,True,True,2
19657,2022-12-04,AA194299,641.417361111111,642.404920634921,True,True,2
19660,2022-12-04,AA194302,447.544412587413,453.156925740926,True,True,2
19723,2022-12-04,AA194366,314.265734126984,350.100763888889,True,True,2
19798,2022-12-04,AA194445,642.935615079365,643.739890873016,True,True,2
19806,2022-12-04,AA194455,642.935615079365,643.739890873016,True,True,2
19807,2022-12-04,AA194456,642.935615079365,643.739890873016,True,True,2
19818,2022-12-04,AA194468,577.134444444445,583.685138888889,True,True,2
19820,2022-12-04,AA194470,655.4,654.875218253968,True,True,2
19842,2022-12-04,AA194492,530.321846153846,539.774902930403,True,True,2
19878,2022-12-04,AA194529,222.751993589744,270.378196969697,True,True,2
19999,2022-12-04,AA194652,104.69130952381,107.400654761905,True,True,2
20017,2022-12-04,AA194671,110.667598343685,156.767960662526,True,True,2
20085,2022-12-04,AA194739,72.151746031746,134.900406746032,True,True,2
20101,2022-12-04,AA194755,655.4,654.832222222222,True,True,2
20119,2022-12-04,AA194773,655.4,654.850238095238,True,True,2
20211,2022-12-04,AA194866,655.4,654.832222222222,True,True,2
20240,2022-12-04,AA194897,655.4,654.879821428572,True,True,2
20257,2022-12-04,AA194915,599.044791666667,604.731597222222,True,True,2
20286,2022-12-04,AA194945,655.4,654.868224206349,True,True,2
20296,2022-12-04,AA194955,85.8348526170799,132.73782231405,True,True,2
20299,2022-12-04,AA194958,52.8663697413697,120.828639138639,True,True,2
20348,2022-12-04,AA195008,50.757326007326,120.831761904762,True,True,2
20370,2022-12-04,AA195030,629.844305555555,632.466448412698,True,True,2
20396,2022-12-04,AA195057,655.4,654.856279761905,True,True,2
20408,2022-12-04,AA195070,655.4,654.865545634921,True,True,2
20441,2022-12-04,AA195105,594.660763888889,598.080972222222,True,True,2
20496,2022-12-04,AA195162,56.4341666666667,100.08003968254,True,True,2
20598,2022-12-04,AA195269,439.456527777778,461.968055555556,True,True,2
20690,2022-12-04,AA195362,655.4,654.857579365079,True,True,2
20695,2022-12-04,AA195367,215.026944444444,264.760992063492,True,True,2
20699,2022-12-04,AA195371,655.4,654.858273809524,True,True,2
20760,2022-12-04,AA195433,140.230932539683,196.626964285714,True,True,2
20818,2022-12-04,AA195493,655.4,654.835277777778,True,True,2
20864,2022-12-04,AA195542,642.316666666667,643.262013888889,True,True,2
20965,2022-12-04,AA195647,401.478995859213,428.134327122153,True,True,2
21066,2022-12-04,AA195753,645.575,634.413859126984,True,True,2
21079,2022-12-04,AA195766,655.4,654.85181547619,True,True,2
21144,2022-12-04,AA195834,655.4,654.85181547619,True,True,2
21215,2022-12-04,AA195905,655.4,654.883234126984,True,True,2
21247,2022-12-04,AA195938,589.465625,597.029484126984,True,True,2
21335,2022-12-04,AA196026,655.4,654.885793650794,True,True,2
21355,2022-12-04,AA196047,88.0457305619217,150.544977506154,True,True,2
21392,2022-12-04,AA196084,581.580992063492,589.969781746032,True,True,2
21516,2022-12-04,AA196209,113.963670634921,178.199761904762,True,True,2
21535,2022-12-04,AA196228,96.5116483516483,159.334981684982,True,True,2
21539,2022-12-04,AA196232,305.520137362637,324.063498168498,True,True,2
21583,2022-12-04,AA196278,346.713234126984,343.458958333333,True,True,2
21596,2022-12-04,AA196291,116.577242063492,180.491676587302,True,True,2
21604,2022-12-04,AA196299,47.9852876984127,106.512390873016,True,True,2
21617,2022-12-04,AA196312,72.5202604166667,136.230829861111,True,True,2
21645,2022-12-04,AA196340,655.4,654.86,True,True,2
21659,2022-12-04,AA196355,130.015769230769,157.649519230769,True,True,2
21664,2022-12-04,AA196360,47.9632837301587,106.594295634921,True,True,2
21667,2022-12-04,AA196363,80.1298757763975,120.494658385093,True,True,2
21691,2022-12-04,AA196387,655.4,654.895763888889,True,True,2
21772,2022-12-04,AA196469,655.4,654.897222222222,True,True,2
21856,2022-12-04,AA196555,655.4,654.839811507936,True,True,2
21892,2022-12-04,AA196591,264.719722222222,308.160119047619,True,True,2
22010,2022-12-04,AA196710,655.4,654.804186507936,True,True,2
22157,2022-12-04,AA196861,655.4,654.861507936508,True,True,2
22172,2022-12-04,AA196876,522.130248015873,524.160287698413,True,True,2
22176,2022-12-04,AA196880,522.130248015873,524.160287698413,True,True,2
22180,2022-12-04,AA196884,522.130248015873,524.160287698413,True,True,2
22192,2022-12-04,AA196897,522.130248015873,524.160287698413,True,True,2
22202,2022-12-04,AA196908,41.6929464285714,101.872916666667,True,True,2
22208,2022-12-04,AA196914,105.598869047619,164.676865079365,True,True,2
22209,2022-12-04,AA196915,105.598869047619,164.676865079365,True,True,2
22210,2022-12-04,AA196916,105.598869047619,164.676865079365,True,True,2
22220,2022-12-04,AA196926,631.486805555556,632.929305555556,True,True,2
22229,2022-12-04,AA196935,268.043303571429,311.119424603175,True,True,2
22266,2022-12-04,AA196973,545.967569444444,557.984990079365,True,True,2
22270,2022-12-04,AA196977,203.091924603175,246.097331349206,True,True,2
22272,2022-12-04,AA196979,506.686547619048,523.686081349206,True,True,2
22289,2022-12-04,AA196996,655.4,654.844712301587,True,True,2
22306,2022-12-04,AA197013,266.804126984127,297.994216269841,True,True,2
22368,2022-12-04,AA197076,655.4,654.850257936508,True,True,2
22371,2022-12-04,AA197079,655.4,654.850257936508,True,True,2
22546,2022-12-04,AA197261,418.685713639302,436.925910364146,True,True,2
22562,2022-12-04,AA197277,171.39376984127,216.374494047619,True,True,2
22918,2022-12-04,AA197647,655.4,654.856111111111,True,True,2
22938,2022-12-04,AA197669,377.321666666667,409.593174603175,True,True,2
22944,2022-12-04,AA197675,650.848611111111,650.32621031746,True,True,2
23018,2022-12-04,AA197752,622.6890625,625.931696428571,True,True,2
23022,2022-12-04,AA197756,655.4,654.881021825397,True,True,2
23032,2022-12-04,AA197767,49.8731785714286,111.708736111111,True,True,2
23086,2022-12-04,AA197821,641.745833333333,641.222837301587,True,True,2
23104,2022-12-04,AA197839,484.97793006993,490.371996114996,True,True,2
23224,2022-12-04,AA197967,576.959345238095,564.855138888889,True,True,2
23354,2022-12-04,AA216071,613.75875,617.01375,True,True,2
23422,2022-12-05,AA180186,655.4,654.84126984127,True,True,2
23444,2022-12-05,AA180208,655.4,654.891329365079,True,True,2
23518,2022-12-05,AA180283,655.4,654.884632936508,True,True,2
23521,2022-12-05,AA180286,362.380238095238,396.477867063492,True,True,2
23528,2022-12-05,AA180293,144.217013888889,204.431111111111,True,True,2
23536,2022-12-05,AA180301,508.755744047619,525.989811507936,True,True,2
23557,2022-12-05,AA180324,84.8944444444444,153.464583333333,True,True,2
23595,2022-12-05,AA180363,46.0497023809524,103.255496031746,True,True,2
23668,2022-12-05,AA180440,655.4,654.858333333333,True,True,2
23757,2022-12-05,AA180529,655.4,654.86626984127,True,True,2
23775,2022-12-05,AA180547,655.4,654.868224206349,True,True,2
23794,2022-12-05,AA180567,199.426388888889,233.184027777778,True,True,2
23821,2022-12-05,AA180594,612.871875,617.415694444444,True,True,2
23938,2022-12-05,AA180717,551.195138888889,562.320079365079,True,True,2
24324,2022-12-05,AA181112,655.4,654.874583333333,True,True,2
24451,2022-12-05,AA181240,655.4,654.869742063492,True,True,2
24677,2022-12-05,AA181472,655.4,654.869107142857,True,True,2
24799,2022-12-05,AA181597,52.8421626984127,126.448849206349,True,True,2
25209,2022-12-05,AA182010,316.471128306878,354.063905588624,True,True,2
25261,2022-12-05,AA182064,655.4,654.873412698413,True,True,2
25263,2022-12-05,AA182066,650.848611111111,650.350694444444,True,True,2
25401,2022-12-05,AA182208,655.4,654.838472222222,True,True,2
25503,2022-12-05,AA182312,504.233204365079,514.887242063492,True,True,2
25807,2022-12-05,AA182629,466.350659722222,487.085233134921,True,True,2
25824,2022-12-05,AA182646,306.853731015512,346.349544642857,True,True,2
26072,2022-12-05,AA182899,567.1125,570.764821729197,True,True,2
26175,2022-12-05,AA183010,655.4,654.862083333333,True,True,2
26201,2022-12-05,AA183036,655.4,654.862083333333,True,True,2
26254,2022-12-05,AA183090,65.1648412698413,126.700337301587,True,True,2
26320,2022-12-05,AA183161,325.279236111111,362.488888888889,True,True,2
26355,2022-12-05,AA183196,285.618611111111,328.605625,True,True,2
26375,2022-12-05,AA183216,655.4,654.880277777778,True,True,2
26384,2022-12-05,AA183225,655.4,654.84498015873,True,True,2
26500,2022-12-05,AA183348,655.4,654.868670634921,True,True,2
26530,2022-12-05,AA183378,468.000883327321,408.455201208514,True,True,2
26533,2022-12-05,AA183381,373.643426501035,345.274658385093,True,True,2
26621,2022-12-05,AA183470,655.4,654.81746031746,True,True,2
26644,2022-12-05,AA183493,655.4,654.81746031746,True,True,2
26688,2022-12-05,AA183541,541.659125,552.185547619048,True,True,2
26767,2022-12-05,AA183622,316.10989010989,343.879487179487,True,True,2
26770,2022-12-05,AA183625,655.4,654.897916666667,True,True,2
26773,2022-12-05,AA183628,399.122073412698,428.771051587302,True,True,2
26783,2022-12-05,AA183638,49.8250694444444,108.193035714286,True,True,2
26814,2022-12-05,AA183669,245.23316848545,279.617524966931,True,True,2
26821,2022-12-05,AA183676,655.4,654.898283730159,True,True,2
26826,2022-12-05,AA183682,218.077465277778,261.181111111111,True,True,2
26917,2022-12-05,AA183777,655.4,654.892807539683,True,True,2
26918,2022-12-05,AA183778,84.8894246031746,153.456686507936,True,True,2
26952,2022-12-05,AA183814,435.480138888889,456.701597222222,True,True,2
26958,2022-12-05,AA183820,655.4,654.90125,True,True,2
27007,2022-12-05,AA183870,655.4,654.837549603175,True,True,2
27012,2022-12-05,AA183875,514.574895833333,530.641633928571,True,True,2
27016,2022-12-05,AA183879,533.26581523569,546.905103415103,True,True,2
27068,2022-12-05,AA183931,521.739226190476,529.585446428572,True,True,2
27123,2022-12-05,AA183986,471.594236111111,482.581498015873,True,True,2
27124,2022-12-05,AA183987,115.530973544974,161.664580026455,True,True,2
27300,2022-12-05,AA194157,651.651785714286,651.512301587302,True,True,2
27349,2022-12-05,AA194206,121.596944444444,158.209027777778,True,True,2
27437,2022-12-05,AA194296,645.586805555556,643.236567460317,True,True,2
27440,2022-12-05,AA194299,645.586805555556,643.236567460317,True,True,2
27443,2022-12-05,AA194302,475.472304778555,480.440342157842,True,True,2
27506,2022-12-05,AA194366,429.055902777778,444.128611111111,True,True,2
27582,2022-12-05,AA194445,645.307400793651,642.993353174603,True,True,2
27591,2022-12-05,AA194455,645.307400793651,642.993353174603,True,True,2
27592,2022-12-05,AA194456,645.307400793651,642.993353174603,True,True,2
27603,2022-12-05,AA194468,600.235277777778,598.710892857143,True,True,2
27605,2022-12-05,AA194470,655.4,654.847400793651,True,True,2
27627,2022-12-05,AA194492,559.227692307692,566.493736263736,True,True,2
27663,2022-12-05,AA194529,256.661098068598,300.861983016983,True,True,2
27802,2022-12-05,AA194671,60.4026388888889,101.968333333333,True,True,2
27886,2022-12-05,AA194755,655.4,654.855744047619,True,True,2
27904,2022-12-05,AA194773,655.4,654.853928571429,True,True,2
27995,2022-12-05,AA194866,655.4,654.855744047619,True,True,2
28026,2022-12-05,AA194897,624.424652777778,627.89751984127,True,True,2
28043,2022-12-05,AA194915,622.767708333333,625.912569444444,True,True,2
28072,2022-12-05,AA194945,655.4,654.889424603175,True,True,2
28082,2022-12-05,AA194955,280.274766666667,308.076166666667,True,True,2
28085,2022-12-05,AA194958,133.929222222222,192.045446759259,True,True,2
28135,2022-12-05,AA195008,149.081242784993,205.307401515151,True,True,2
28157,2022-12-05,AA195030,89.7184126984127,155.764841269841,True,True,2
28183,2022-12-05,AA195057,655.4,654.896765873016,True,True,2
28195,2022-12-05,AA195070,655.4,654.838214285714,True,True,2
28227,2022-12-05,AA195105,622.739583333333,625.206200396825,True,True,2
28384,2022-12-05,AA195269,456.610555555555,477.439751984127,True,True,2
28476,2022-12-05,AA195362,655.4,654.836636904762,True,True,2
28481,2022-12-05,AA195367,274.939166666667,317.741071428571,True,True,2
28485,2022-12-05,AA195371,655.4,654.836636904762,True,True,2
28546,2022-12-05,AA195433,42.3973511904762,112.3675,True,True,2
28604,2022-12-05,AA195493,655.4,654.843015873016,True,True,2
28650,2022-12-05,AA195542,655.4,654.904513888889,True,True,2
28752,2022-12-05,AA195647,602.43641025641,606.05532051282,True,True,2
28853,2022-12-05,AA195753,655.4,654.848829365079,True,True,2
28866,2022-12-05,AA195766,655.4,654.879057539682,True,True,2
28878,2022-12-05,AA195779,64.9926686507936,130.34939484127,True,True,2
28931,2022-12-05,AA195834,655.4,654.879057539683,True,True,2
29002,2022-12-05,AA195905,655.4,654.893055555556,True,True,2
29034,2022-12-05,AA195938,576.398958333333,585.452212301587,True,True,2
29121,2022-12-05,AA196026,655.4,654.822857142857,True,True,2
29177,2022-12-05,AA196084,615.948611111111,620.133918650794,True,True,2
29300,2022-12-05,AA196209,107.405773809524,172.765793650794,True,True,2
29323,2022-12-05,AA196232,407.359047619048,420.470421245421,True,True,2
29367,2022-12-05,AA196278,60.9098015873016,114.056676587302,True,True,2
29380,2022-12-05,AA196291,110.529771825397,175.509553571429,True,True,2
29401,2022-12-05,AA196312,52.9422232142857,118.29594047619,True,True,2
29429,2022-12-05,AA196340,655.4,654.867043650794,True,True,2
29443,2022-12-05,AA196355,266.648893162393,273.268346153846,True,True,2
29451,2022-12-05,AA196363,176.400634920635,199.353055555556,True,True,2
29475,2022-12-05,AA196387,655.4,654.85816468254,True,True,2
29552,2022-12-05,AA196465,125.847291666667,179.890486111111,True,True,2
29553,2022-12-05,AA196466,125.847291666667,179.890486111111,True,True,2
29555,2022-12-05,AA196469,655.4,654.78873015873,True,True,2
29639,2022-12-05,AA196555,655.4,654.854861111111,True,True,2
29675,2022-12-05,AA196591,40.6815972222222,111.083759920635,True,True,2
29793,2022-12-05,AA196710,655.4,654.844742063492,True,True,2
29882,2022-12-05,AA196801,41.1063888888889,107.721875,True,True,2
29941,2022-12-05,AA196861,655.4,654.87880952381,True,True,2
29955,2022-12-05,AA196876,183.621666666667,223.357321428571,True,True,2
29959,2022-12-05,AA196880,183.621666666667,223.357321428571,True,True,2
29963,2022-12-05,AA196884,183.621666666667,223.357321428571,True,True,2
29975,2022-12-05,AA196897,183.621666666667,223.357321428571,True,True,2
29985,2022-12-05,AA196908,469.934156746032,485.064930555556,True,True,2
29991,2022-12-05,AA196914,54.2982242063492,124.944791666667,True,True,2
29992,2022-12-05,AA196915,54.2982242063492,124.944791666667,True,True,2
29993,2022-12-05,AA196916,54.2982242063492,124.944791666667,True,True,2
30003,2022-12-05,AA196926,533.569027777778,538.349404761905,True,True,2
30012,2022-12-05,AA196935,43.2878075396825,113.394930555556,True,True,2
30049,2022-12-05,AA196973,655.4,654.82878968254,True,True,2
30053,2022-12-05,AA196977,327.107083333333,355.415466269841,True,True,2
30055,2022-12-05,AA196979,586.524968944099,594.143426501035,True,True,2
30072,2022-12-05,AA196996,655.4,654.822619047619,True,True,2
30089,2022-12-05,AA197013,228.971180555556,261.198392857143,True,True,2
30151,2022-12-05,AA197076,655.4,654.829890873016,True,True,2
30154,2022-12-05,AA197079,655.4,654.829890873016,True,True,2
30327,2022-12-05,AA197261,419.354005987602,431.916937728938,True,True,2
30343,2022-12-05,AA197277,146.922123015873,193.528998015873,True,True,2
30698,2022-12-05,AA197647,655.4,654.878630952381,True,True,2
30718,2022-12-05,AA197669,323.350902777778,361.818531746032,True,True,2
30724,2022-12-05,AA197675,642.396031746032,641.871944444444,True,True,2
30797,2022-12-05,AA197752,655.4,654.829087301587,True,True,2
30801,2022-12-05,AA197756,655.4,654.841478174603,True,True,2
30811,2022-12-05,AA197767,61.1893032407407,120.848453042328,True,True,2
30865,2022-12-05,AA197821,646.297222222222,645.733581349206,True,True,2
30883,2022-12-05,AA197839,476.851258852259,483.280048840049,True,True,2
31003,2022-12-05,AA197967,409.486964285714,422.574603174603,True,True,2
31133,2022-12-05,AA216071,629.415625,630.584484126984,True,True,2
31200,2022-12-06,AA180186,198.606666666667,247.142761904762,True,True,2
31222,2022-12-06,AA180208,192.674285714286,241.807476190476,True,True,2
31296,2022-12-06,AA180283,262.717857142857,305.46619047619,True,True,2
31299,2022-12-06,AA180286,142.291357142857,199.427642857143,True,True,2
31306,2022-12-06,AA180293,218.69,265.6775,True,True,2
31445,2022-12-06,AA180440,188.225,237.866666666667,True,True,2
31533,2022-12-06,AA180529,188.225,237.887857142857,True,True,2
31551,2022-12-06,AA180547,198.606666666667,247.125666666667,True,True,2
31597,2022-12-06,AA180594,188.225,237.853333333333,True,True,2
31713,2022-12-06,AA180717,185.763095238095,238.189047619048,True,True,2
32098,2022-12-06,AA181112,188.225,237.896666666667,True,True,2
32225,2022-12-06,AA181240,194.454,243.438666666667,True,True,2
32451,2022-12-06,AA181472,198.606666666667,247.165333333333,True,True,2
32983,2022-12-06,AA182010,170.67026984127,224.448301587302,True,True,2
33035,2022-12-06,AA182064,194.454,243.435476190476,True,True,2
33037,2022-12-06,AA182066,176.651666666667,224.985,True,True,2
33177,2022-12-06,AA182208,188.225,237.903095238095,True,True,2
33279,2022-12-06,AA182312,188.225,237.855166666667,True,True,2
33583,2022-12-06,AA182629,198.606666666667,247.112904761905,True,True,2
33600,2022-12-06,AA182646,143.438863636364,197.942297619048,True,True,2
33849,2022-12-06,AA182899,198.606666666667,233.732160606061,True,True,2
33952,2022-12-06,AA183010,188.225,237.843333333333,True,True,2
33977,2022-12-06,AA183036,186.283333333333,229.39,True,True,2
34030,2022-12-06,AA183090,66.574,112.328214285714,True,True,2
34096,2022-12-06,AA183161,73.0336666666667,136.034166666667,True,True,2
34130,2022-12-06,AA183196,72.5226666666667,136.022,True,True,2
34150,2022-12-06,AA183216,188.225,237.848333333333,True,True,2
34159,2022-12-06,AA183225,192.674285714286,241.824571428571,True,True,2
34275,2022-12-06,AA183348,192.674285714286,241.829523809524,True,True,2
34305,2022-12-06,AA183378,172.926623376623,153.843279220779,True,True,2
34308,2022-12-06,AA183381,75.4053968253968,102.740952380952,True,True,2
34396,2022-12-06,AA183470,194.454,243.422,True,True,2
34419,2022-12-06,AA183493,194.454,243.422,True,True,2
34463,2022-12-06,AA183541,192.604619047619,236.822638095238,True,True,2
34542,2022-12-06,AA183622,343.864285714286,376.760476190476,True,True,2
34544,2022-12-06,AA183625,192.674285714286,241.79980952381,True,True,2
34587,2022-12-06,AA183669,101.211661904762,142.838719047619,True,True,2
34594,2022-12-06,AA183676,194.454,243.429428571429,True,True,2
34599,2022-12-06,AA183682,92.1484166666667,140.635583333333,True,True,2
34690,2022-12-06,AA183777,233.501520833333,269.632972222222,True,True,2
34725,2022-12-06,AA183814,188.225,237.869166666667,True,True,2
34731,2022-12-06,AA183820,214.563,266.160166666667,True,True,2
34780,2022-12-06,AA183870,193.879,243.467166666667,True,True,2
34785,2022-12-06,AA183875,112.190476190476,172.398495238095,True,True,2
34789,2022-12-06,AA183879,197.892494805195,244.101577705628,True,True,2
34840,2022-12-06,AA183931,188.225,237.861,True,True,2
34893,2022-12-06,AA183986,188.2245,238.239166666667,True,True,2
35069,2022-12-06,AA194157,194.408285714286,243.438285714286,True,True,2
35118,2022-12-06,AA194206,89.7016666666667,116.651666666667,True,True,2
35206,2022-12-06,AA194296,198.553333333333,247.109333333333,True,True,2
35209,2022-12-06,AA194299,198.553333333333,247.109333333333,True,True,2
35212,2022-12-06,AA194302,216.509274971942,242.808105499439,True,True,2
35273,2022-12-06,AA194366,217.2295,251.9915,True,True,2
35348,2022-12-06,AA194445,188.225,237.849523809524,True,True,2
35356,2022-12-06,AA194455,188.225,237.849523809524,True,True,2
35357,2022-12-06,AA194456,188.225,237.849523809524,True,True,2
35368,2022-12-06,AA194468,194.1035,225.949785714286,True,True,2
35370,2022-12-06,AA194470,198.606666666667,247.141666666667,True,True,2
35392,2022-12-06,AA194492,216.566838624339,244.458935185185,True,True,2
35428,2022-12-06,AA194529,191.217916666667,242.313298484849,True,True,2
35650,2022-12-06,AA194755,192.674285714286,241.849761904762,True,True,2
35668,2022-12-06,AA194773,192.674285714286,241.84780952381,True,True,2
35759,2022-12-06,AA194866,192.674285714286,241.849761904762,True,True,2
35790,2022-12-06,AA194897,198.606666666667,247.146666666667,True,True,2
35807,2022-12-06,AA194915,188.225,237.863333333333,True,True,2
35836,2022-12-06,AA194945,198.606666666667,247.156666666667,True,True,2
35846,2022-12-06,AA194955,147.103768659912,166.822649921507,True,True,2
35849,2022-12-06,AA194958,119.093125901876,178.824888167388,True,True,2
35899,2022-12-06,AA195008,120.073846500722,178.889035218254,True,True,2
35947,2022-12-06,AA195057,198.606666666667,247.100761904762,True,True,2
35959,2022-12-06,AA195070,188.225,237.847142857143,True,True,2
35991,2022-12-06,AA195105,188.225,237.863333333333,True,True,2
36148,2022-12-06,AA195269,192.438952380952,242.154,True,True,2
36240,2022-12-06,AA195362,194.454,243.408666666667,True,True,2
36245,2022-12-06,AA195367,190.830333333333,224.649333333333,True,True,2
36249,2022-12-06,AA195371,194.454,243.408666666667,True,True,2
36366,2022-12-06,AA195493,406.24,432.305,True,True,2
36411,2022-12-06,AA195542,157.08,210.046428571429,True,True,2
36513,2022-12-06,AA195647,194.454,243.415,True,True,2
36614,2022-12-06,AA195753,194.454,243.42619047619,True,True,2
36627,2022-12-06,AA195766,198.606666666667,247.168238095238,True,True,2
36692,2022-12-06,AA195834,198.606666666667,247.168238095238,True,True,2
36763,2022-12-06,AA195905,188.225,237.89,True,True,2
36795,2022-12-06,AA195938,198.606666666667,247.130333333333,True,True,2
36883,2022-12-06,AA196026,192.674285714286,241.835285714286,True,True,2
36939,2022-12-06,AA196084,194.454,243.413,True,True,2
37063,2022-12-06,AA196209,114.888419642857,175.903702380952,True,True,2
37086,2022-12-06,AA196232,192.6934,220.542726984127,True,True,2
37143,2022-12-06,AA196291,104.427714285714,164.099142857143,True,True,2
37191,2022-12-06,AA196340,192.674285714286,241.810714285714,True,True,2
37205,2022-12-06,AA196355,179.282444444444,205.612507936508,True,True,2
37213,2022-12-06,AA196363,124.201666666667,153.741833333333,True,True,2
37237,2022-12-06,AA196387,198.606666666667,247.146333333333,True,True,2
37317,2022-12-06,AA196469,192.674285714286,241.846714285714,True,True,2
37401,2022-12-06,AA196555,194.454,243.426857142857,True,True,2
37554,2022-12-06,AA196710,192.674285714286,241.857380952381,True,True,2
37701,2022-12-06,AA196861,198.606666666667,247.138666666667,True,True,2
37716,2022-12-06,AA196876,59.4349047619048,112.418476190476,True,True,2
37720,2022-12-06,AA196880,59.4349047619048,112.418476190476,True,True,2
37724,2022-12-06,AA196884,59.4349047619048,112.418476190476,True,True,2
37736,2022-12-06,AA196897,59.4349047619048,112.418476190476,True,True,2
37746,2022-12-06,AA196908,194.454,243.404,True,True,2
37764,2022-12-06,AA196926,188.261666666667,237.909285714286,True,True,2
37810,2022-12-06,AA196973,188.373333333333,224.45,True,True,2
37814,2022-12-06,AA196977,187.738809523809,229.926142857143,True,True,2
37816,2022-12-06,AA196979,239.538541666667,284.315625,True,True,2
37833,2022-12-06,AA196996,188.225,237.834476190476,True,True,2
37850,2022-12-06,AA197013,190.336261904762,212.939595238095,True,True,2
37912,2022-12-06,AA197076,198.606666666667,247.107333333333,True,True,2
37915,2022-12-06,AA197079,198.606666666667,247.107333333333,True,True,2
38089,2022-12-06,AA197261,239.503333333333,282.835104166667,True,True,2
38105,2022-12-06,AA197277,196.864333333333,225.906880952381,True,True,2
38460,2022-12-06,AA197647,188.225,237.867619047619,True,True,2
38480,2022-12-06,AA197669,136.122261904762,194.715952380952,True,True,2
38486,2022-12-06,AA197675,188.225,237.87119047619,True,True,2
38560,2022-12-06,AA197752,196.585366666667,247.360966666667,True,True,2
38564,2022-12-06,AA197756,192.674285714286,241.808666666667,True,True,2
38628,2022-12-06,AA197821,198.606666666667,247.128333333333,True,True,2
38645,2022-12-06,AA197839,239.436566964286,264.098498511905,True,True,2
38765,2022-12-06,AA197967,185.52,231.355666666667,True,True,2
38895,2022-12-06,AA216071,210.288095238095,256.405555555556,True,True,2
